ID klienta;Segment;Data dołączenia;Preferowany kanał;Wizyty (90 dni);Średni koszyk (PLN);NPS;Komentarz NPS;Churn (90d)
1;Silver;2022-05-19;online;9;76.24;30;Potrzeba więcej parkingu.;Nie
2;Bronze;2022-05-25;stacjonarny;3;46.8;90;Plonka — kupony często nieadekwatne do moich zakupów.;Nie
3;Bronze;2024-07-09;stacjonarny;1;54.79;57;;Nie
4;Silver;2024-05-21;stacjonarny;7;101.21;58;Drożej niż w Lidlu, ale jakość fresh lepsza.;Nie
5;Bronze;2022-07-07;stacjonarny;1;27.79;10;;Tak
6;Silver;2023-09-20;online;5;105.23;12;Aplikacja mobilna mało intuicyjna.;Nie
7;Gold;2024-09-16;stacjonarny;12;202.67;29;OOS na truskawkach w sezonie — trzeci raz pod rząd.;Nie
8;Silver;2023-10-12;stacjonarny;8;80.77;19;Sklep czysty i obsługa miła, brakuje samoobsługowych kas.;Nie
9;Bronze;2025-10-02;online;2;47.33;-10;Potrzeba więcej parkingu.;Nie
10;Silver;2025-08-05;stacjonarny;5;24.35;36;Lubię markę PLON, ekonomicznie i jakościowo.;Nie
11;Silver;2024-04-15;q-commerce;10;107.62;86;Lubię markę PLON, ekonomicznie i jakościowo.;Nie
12;Silver;2023-02-10;stacjonarny;8;16.28;10;Q-commerce w Warszawie super, w innych miastach dłuższy czas.;Nie
13;Bronze;2022-04-20;stacjonarny;1;63.18;17;W sezonie urlopowym sklep świeci pustkami — gdzie mleko?;Tak
14;Silver;2024-03-03;q-commerce;4;102.45;26;Brak wegańskich opcji w mięsie roślinnym.;Nie
15;Silver;2024-01-01;stacjonarny;7;83.06;38;Świetna jakość mięsa, ale wieczorem często brakuje.;Nie
16;Bronze;2024-03-17;stacjonarny;3;51.18;0;;Nie
17;Bronze;2023-03-21;q-commerce;0;47.97;0;Świetna jakość mięsa, ale wieczorem często brakuje.;Tak
18;Silver;2023-05-14;online;4;77.48;-10;Brak wegańskich opcji w mięsie roślinnym.;Nie
19;Bronze;2022-06-01;online;0;38.69;0;Q-commerce w Warszawie super, w innych miastach dłuższy czas.;Nie
20;Bronze;2025-08-12;stacjonarny;0;51.72;49;Plonka — kupony często nieadekwatne do moich zakupów.;Tak
21;Silver;2022-06-27;q-commerce;9;92.14;38;OOS na truskawkach w sezonie — trzeci raz pod rząd.;Nie
22;Gold;2022-05-18;stacjonarny;21;179.63;36;;Nie
23;Bronze;2022-07-09;stacjonarny;3;41.08;-30;Aplikacja mobilna mało intuicyjna.;Tak
24;Silver;2025-07-05;online;10;129.63;29;W sezonie urlopowym sklep świeci pustkami — gdzie mleko?;Nie
25;Silver;2024-10-02;stacjonarny;9;67.0;14;Lubię markę PLON, ekonomicznie i jakościowo.;Nie
26;Bronze;2024-07-21;online;0;55.27;0;Promocje są dobre, ale potem braki na półce.;Tak
27;Silver;2024-09-19;stacjonarny;4;97.86;-37;Bardzo długie kolejki w piątek po 17:00.;Nie
28;Bronze;2024-04-23;stacjonarny;1;34.9;8;;Tak
29;Bronze;2024-01-01;stacjonarny;1;29.94;59;Sklep czysty i obsługa miła, brakuje samoobsługowych kas.;Tak
30;Bronze;2025-04-02;stacjonarny;4;35.8;3;W sezonie urlopowym sklep świeci pustkami — gdzie mleko?;Nie
31;Silver;2024-12-11;stacjonarny;7;97.42;-19;Drożej niż w Lidlu, ale jakość fresh lepsza.;Nie
32;Gold;2024-08-13;stacjonarny;13;231.78;23;OOS na truskawkach w sezonie — trzeci raz pod rząd.;Nie
33;Silver;2022-12-18;online;7;45.81;46;;Nie
34;Bronze;2022-11-06;stacjonarny;2;56.02;86;Sklep czysty i obsługa miła, brakuje samoobsługowych kas.;Tak
35;Gold;2022-09-17;stacjonarny;22;105.66;22;;Nie
36;Silver;2023-07-17;stacjonarny;10;75.07;-10;Świeże pieczywo tylko do 14:00, potem nic.;Nie
37;Gold;2023-11-07;online;19;87.4;24;W sezonie urlopowym sklep świeci pustkami — gdzie mleko?;Nie
38;Silver;2023-04-13;stacjonarny;9;136.66;46;Przeceny end-of-day super, ale rzadko widoczne.;Nie
39;Silver;2025-09-08;stacjonarny;5;109.73;4;Bardzo długie kolejki w piątek po 17:00.;Nie
40;Silver;2024-03-21;q-commerce;8;111.21;24;;Nie
41;Bronze;2022-03-24;stacjonarny;3;38.04;-30;Sklep czysty i obsługa miła, brakuje samoobsługowych kas.;Tak
42;Silver;2024-09-01;stacjonarny;10;90.04;58;;Nie
43;Bronze;2024-02-13;stacjonarny;0;45.09;10;Aplikacja mobilna mało intuicyjna.;Nie
44;Bronze;2023-01-25;q-commerce;3;15.86;-20;Przeceny end-of-day super, ale rzadko widoczne.;Tak
45;Bronze;2023-05-10;stacjonarny;1;15.0;-30;Świeże pieczywo tylko do 14:00, potem nic.;Nie
46;Bronze;2023-02-17;stacjonarny;3;63.55;47;Kierowca Q-com pomylił adres.;Nie
47;Silver;2024-08-07;online;5;41.3;46;Promocje są dobre, ale potem braki na półce.;Nie
48;Bronze;2023-02-18;stacjonarny;4;46.44;6;W sezonie urlopowym sklep świeci pustkami — gdzie mleko?;Nie
49;Bronze;2023-10-06;stacjonarny;4;53.28;-30;;Nie
50;Bronze;2022-01-12;online;1;48.48;0;;Tak
51;Bronze;2023-09-27;q-commerce;2;19.27;-30;Potrzeba więcej parkingu.;Nie
52;Silver;2022-10-03;stacjonarny;9;90.96;71;Plonka — kupony często nieadekwatne do moich zakupów.;Nie
53;Bronze;2023-10-23;online;0;50.4;16;Bardzo długie kolejki w piątek po 17:00.;Nie
54;Bronze;2023-11-23;stacjonarny;0;18.07;-30;Lubię markę PLON, ekonomicznie i jakościowo.;Nie
55;Gold;2023-07-09;online;18;122.2;2;Przeceny end-of-day super, ale rzadko widoczne.;Nie
56;Silver;2023-04-13;stacjonarny;4;74.62;-39;Plonka — kupony często nieadekwatne do moich zakupów.;Nie
57;Silver;2023-11-20;stacjonarny;9;103.81;-5;Bardzo długie kolejki w piątek po 17:00.;Nie
58;Silver;2025-01-22;q-commerce;7;62.69;-3;Aplikacja mobilna mało intuicyjna.;Tak
59;Bronze;2023-01-12;stacjonarny;2;27.24;-20;;Nie
60;Bronze;2024-04-01;stacjonarny;2;33.82;-30;Bardzo długie kolejki w piątek po 17:00.;Nie
61;Bronze;2022-11-21;stacjonarny;4;34.38;61;W sezonie urlopowym sklep świeci pustkami — gdzie mleko?;Tak
62;Bronze;2025-10-02;stacjonarny;4;41.02;38;;Tak
63;Bronze;2024-07-07;online;0;40.95;0;;Nie
64;Gold;2025-05-05;stacjonarny;17;91.44;9;Bardzo długie kolejki w piątek po 17:00.;Nie
65;Silver;2024-08-07;stacjonarny;5;86.18;18;;Nie
66;Bronze;2022-04-18;stacjonarny;2;38.63;-10;OOS na truskawkach w sezonie — trzeci raz pod rząd.;Tak
67;Bronze;2022-12-28;stacjonarny;2;34.73;49;Q-commerce w Warszawie super, w innych miastach dłuższy czas.;Tak
68;Bronze;2022-11-26;stacjonarny;0;29.52;22;Sklep czysty i obsługa miła, brakuje samoobsługowych kas.;Nie
69;Bronze;2024-05-05;online;2;34.39;-30;Q-commerce w Warszawie super, w innych miastach dłuższy czas.;Nie
70;Silver;2024-02-05;q-commerce;10;100.39;42;Przeceny end-of-day super, ale rzadko widoczne.;Nie
71;Bronze;2023-03-17;stacjonarny;2;44.65;42;Aplikacja mobilna mało intuicyjna.;Nie
72;Silver;2023-05-10;stacjonarny;10;79.43;55;Bardzo długie kolejki w piątek po 17:00.;Nie
73;Bronze;2023-08-11;stacjonarny;2;35.87;26;Sklep czysty i obsługa miła, brakuje samoobsługowych kas.;Nie
74;Gold;2024-10-26;stacjonarny;27;126.71;-7;Często psuje się terminal BLIK.;Nie
75;Gold;2024-08-05;stacjonarny;24;133.25;40;Kierowca Q-com pomylił adres.;Nie
76;Bronze;2023-07-13;stacjonarny;0;24.96;39;Plonka — kupony często nieadekwatne do moich zakupów.;Tak
77;Gold;2023-09-24;stacjonarny;28;152.19;-13;Promocje są dobre, ale potem braki na półce.;Nie
78;Bronze;2023-04-04;stacjonarny;3;44.78;62;Brak wegańskich opcji w mięsie roślinnym.;Nie
79;Silver;2023-02-25;stacjonarny;10;79.95;40;OOS na truskawkach w sezonie — trzeci raz pod rząd.;Nie
80;Bronze;2023-09-07;stacjonarny;2;43.77;-30;Sklep czysty i obsługa miła, brakuje samoobsługowych kas.;Tak
81;Bronze;2024-11-16;online;1;32.09;10;Plonka — kupony często nieadekwatne do moich zakupów.;Nie
82;Bronze;2024-12-21;stacjonarny;2;56.59;35;Drożej niż w Lidlu, ale jakość fresh lepsza.;Nie
83;Bronze;2025-03-25;stacjonarny;1;40.96;-21;Bardzo długie kolejki w piątek po 17:00.;Tak
84;Silver;2025-04-08;stacjonarny;4;77.93;33;Plonka — kupony często nieadekwatne do moich zakupów.;Nie
85;Gold;2024-02-19;stacjonarny;18;111.91;24;;Nie
86;Gold;2023-01-16;stacjonarny;22;183.35;12;Często psuje się terminal BLIK.;Nie
87;Gold;2023-04-26;q-commerce;18;166.5;46;Świeże pieczywo tylko do 14:00, potem nic.;Nie
88;Bronze;2023-10-17;stacjonarny;1;52.03;-30;Brak wegańskich opcji w mięsie roślinnym.;Tak
89;Bronze;2025-11-20;stacjonarny;0;28.88;-17;Sklep czysty i obsługa miła, brakuje samoobsługowych kas.;Nie
90;Silver;2024-05-16;online;8;88.57;-11;OOS na truskawkach w sezonie — trzeci raz pod rząd.;Nie
91;Bronze;2024-04-07;stacjonarny;0;29.58;-10;Potrzeba więcej parkingu.;Nie
92;Bronze;2023-02-22;stacjonarny;2;28.32;-20;OOS na truskawkach w sezonie — trzeci raz pod rząd.;Nie
93;Bronze;2024-07-04;stacjonarny;2;46.46;27;Brak wegańskich opcji w mięsie roślinnym.;Tak
94;Bronze;2023-08-05;stacjonarny;1;37.04;-30;;Tak
95;Silver;2024-10-04;stacjonarny;10;88.12;17;Lubię markę PLON, ekonomicznie i jakościowo.;Nie
96;Gold;2024-01-17;q-commerce;15;158.83;95;Promocje są dobre, ale potem braki na półce.;Nie
97;Silver;2023-09-09;stacjonarny;8;15.0;-23;Plonka — kupony często nieadekwatne do moich zakupów.;Tak
98;Silver;2024-11-08;stacjonarny;10;73.39;24;;Nie
99;Bronze;2025-09-28;stacjonarny;2;53.92;-30;W sezonie urlopowym sklep świeci pustkami — gdzie mleko?;Nie
100;Gold;2023-04-14;stacjonarny;21;113.45;53;;Nie
101;Silver;2024-09-28;stacjonarny;10;75.9;40;Świetna jakość mięsa, ale wieczorem często brakuje.;Nie
102;Bronze;2023-11-03;stacjonarny;0;42.81;-1;Aplikacja mobilna mało intuicyjna.;Nie
103;Bronze;2024-05-10;online;0;48.26;38;Przeceny end-of-day super, ale rzadko widoczne.;Tak
104;Gold;2024-10-17;stacjonarny;20;129.84;36;Potrzeba więcej parkingu.;Nie
105;Gold;2023-02-15;stacjonarny;26;70.14;14;Bardzo długie kolejki w piątek po 17:00.;Nie
106;Gold;2024-01-17;stacjonarny;16;186.42;-6;Plonka — kupony często nieadekwatne do moich zakupów.;Nie
107;Bronze;2023-03-28;stacjonarny;2;35.24;-2;W sezonie urlopowym sklep świeci pustkami — gdzie mleko?;Nie
108;Silver;2024-09-03;q-commerce;10;37.94;-4;Q-commerce w Warszawie super, w innych miastach dłuższy czas.;Nie
109;Silver;2024-01-09;online;4;122.72;56;;Nie
110;Bronze;2024-12-17;online;2;66.55;-30;;Tak
111;Bronze;2024-09-21;online;4;45.94;0;Świeże pieczywo tylko do 14:00, potem nic.;Nie
112;Bronze;2023-05-25;stacjonarny;1;24.06;34;Kierowca Q-com pomylił adres.;Tak
113;Bronze;2024-08-18;stacjonarny;0;33.38;41;W sezonie urlopowym sklep świeci pustkami — gdzie mleko?;Nie
114;Silver;2022-11-24;online;6;77.75;11;;Tak
115;Silver;2024-11-25;stacjonarny;7;68.97;-32;Często psuje się terminal BLIK.;Nie
116;Bronze;2023-08-07;online;4;58.8;10;Promocje są dobre, ale potem braki na półce.;Nie
117;Bronze;2022-06-13;q-commerce;2;47.1;10;Kierowca Q-com pomylił adres.;Nie
118;Bronze;2023-04-11;stacjonarny;1;19.66;21;Bardzo długie kolejki w piątek po 17:00.;Nie
119;Bronze;2022-05-20;stacjonarny;1;61.35;-9;Aplikacja mobilna mało intuicyjna.;Tak
120;Silver;2023-11-21;stacjonarny;5;74.99;50;Często psuje się terminal BLIK.;Nie
121;Silver;2023-03-12;stacjonarny;9;83.7;93;OOS na truskawkach w sezonie — trzeci raz pod rząd.;Nie
122;Bronze;2024-08-05;online;4;47.22;-30;Świetna jakość mięsa, ale wieczorem często brakuje.;Nie
123;Bronze;2023-12-21;online;3;40.17;100;Promocje są dobre, ale potem braki na półce.;Nie
124;Bronze;2024-01-04;stacjonarny;2;55.82;-10;;Nie
125;Bronze;2024-06-05;online;4;22.75;49;Przeceny end-of-day super, ale rzadko widoczne.;Nie
126;Gold;2022-07-10;stacjonarny;25;170.05;45;Q-commerce w Warszawie super, w innych miastach dłuższy czas.;Nie
127;Bronze;2024-05-28;online;4;36.0;12;Świeże pieczywo tylko do 14:00, potem nic.;Tak
128;Bronze;2025-02-26;online;0;34.39;20;Promocje są dobre, ale potem braki na półce.;Tak
129;Bronze;2024-05-18;stacjonarny;0;33.24;14;Aplikacja mobilna mało intuicyjna.;Nie
130;Silver;2025-06-11;stacjonarny;8;102.7;-12;Brak wegańskich opcji w mięsie roślinnym.;Nie
131;Silver;2023-03-12;stacjonarny;8;67.66;34;Potrzeba więcej parkingu.;Nie
132;Silver;2025-03-07;stacjonarny;6;99.62;56;W sezonie urlopowym sklep świeci pustkami — gdzie mleko?;Tak
133;Silver;2022-06-15;online;9;90.47;61;;Tak
134;Bronze;2024-10-03;q-commerce;2;39.61;10;Q-commerce w Warszawie super, w innych miastach dłuższy czas.;Nie
135;Silver;2022-12-21;stacjonarny;4;72.22;50;Potrzeba więcej parkingu.;Nie
136;Bronze;2025-12-16;stacjonarny;0;29.99;-30;;Nie
137;Bronze;2024-04-05;stacjonarny;3;53.94;-10;Często psuje się terminal BLIK.;Nie
138;Silver;2023-08-13;online;10;92.93;-30;Drożej niż w Lidlu, ale jakość fresh lepsza.;Tak
139;Bronze;2022-02-12;stacjonarny;2;53.55;17;Aplikacja mobilna mało intuicyjna.;Tak
140;Bronze;2023-11-27;stacjonarny;4;34.36;0;Promocje są dobre, ale potem braki na półce.;Tak
141;Bronze;2023-03-01;online;2;68.2;6;Świetna jakość mięsa, ale wieczorem często brakuje.;Nie
142;Bronze;2024-04-25;online;0;67.37;0;Q-commerce w Warszawie super, w innych miastach dłuższy czas.;Nie
143;Bronze;2025-05-27;stacjonarny;3;36.63;-20;Promocje są dobre, ale potem braki na półce.;Nie
144;Bronze;2025-01-28;stacjonarny;2;27.21;66;Świeże pieczywo tylko do 14:00, potem nic.;Nie
145;Bronze;2022-11-19;stacjonarny;3;66.38;32;W sezonie urlopowym sklep świeci pustkami — gdzie mleko?;Nie
146;Bronze;2024-01-21;stacjonarny;4;28.56;-30;Potrzeba więcej parkingu.;Tak
147;Silver;2025-11-05;stacjonarny;6;44.95;16;Aplikacja mobilna mało intuicyjna.;Nie
148;Gold;2023-11-19;online;23;203.57;25;Świetna jakość mięsa, ale wieczorem często brakuje.;Nie
149;Bronze;2024-06-12;online;2;49.19;70;Bardzo długie kolejki w piątek po 17:00.;Nie
150;Bronze;2022-02-21;online;3;60.52;28;Brak wegańskich opcji w mięsie roślinnym.;Tak
151;Bronze;2024-05-24;stacjonarny;2;17.99;10;Lubię markę PLON, ekonomicznie i jakościowo.;Tak
152;Bronze;2024-02-26;stacjonarny;4;26.15;-33;Brak wegańskich opcji w mięsie roślinnym.;Tak
153;Bronze;2025-12-26;online;2;43.62;0;;Nie
154;Bronze;2024-11-14;stacjonarny;3;48.71;-20;Kierowca Q-com pomylił adres.;Tak
155;Bronze;2025-01-09;online;0;26.24;34;;Nie
156;Bronze;2022-11-28;stacjonarny;1;39.84;25;Lubię markę PLON, ekonomicznie i jakościowo.;Tak
157;Bronze;2024-05-10;stacjonarny;2;35.07;0;OOS na truskawkach w sezonie — trzeci raz pod rząd.;Nie
158;Bronze;2025-03-04;stacjonarny;2;36.55;62;W sezonie urlopowym sklep świeci pustkami — gdzie mleko?;Nie
159;Bronze;2024-03-13;stacjonarny;2;56.35;48;W sezonie urlopowym sklep świeci pustkami — gdzie mleko?;Nie
160;Gold;2024-07-25;stacjonarny;13;208.51;100;OOS na truskawkach w sezonie — trzeci raz pod rząd.;Nie
161;Bronze;2022-09-09;stacjonarny;2;40.62;0;Drożej niż w Lidlu, ale jakość fresh lepsza.;Tak
162;Gold;2025-02-11;stacjonarny;21;124.01;16;Lubię markę PLON, ekonomicznie i jakościowo.;Nie
163;Bronze;2022-11-10;online;4;30.0;42;Często psuje się terminal BLIK.;Nie
164;Bronze;2024-01-12;stacjonarny;2;37.96;10;Q-commerce w Warszawie super, w innych miastach dłuższy czas.;Nie
165;Silver;2024-06-03;q-commerce;8;49.04;11;Sklep czysty i obsługa miła, brakuje samoobsługowych kas.;Nie
166;Bronze;2023-04-01;stacjonarny;0;61.53;14;Często psuje się terminal BLIK.;Tak
167;Gold;2024-09-06;online;23;149.79;57;Sklep czysty i obsługa miła, brakuje samoobsługowych kas.;Nie
168;Bronze;2024-12-24;stacjonarny;0;19.7;38;Potrzeba więcej parkingu.;Nie
169;Silver;2025-11-12;stacjonarny;6;73.58;49;;Tak
170;Silver;2025-05-04;stacjonarny;4;115.84;8;Świeże pieczywo tylko do 14:00, potem nic.;Nie
171;Silver;2023-05-11;stacjonarny;8;67.19;20;Brak wegańskich opcji w mięsie roślinnym.;Tak
172;Bronze;2024-04-26;q-commerce;1;46.56;-30;OOS na truskawkach w sezonie — trzeci raz pod rząd.;Tak
173;Silver;2022-12-02;online;7;103.53;29;OOS na truskawkach w sezonie — trzeci raz pod rząd.;Tak
174;Gold;2023-12-06;stacjonarny;22;174.38;25;Często psuje się terminal BLIK.;Nie
175;Bronze;2023-09-28;online;2;59.52;0;Przeceny end-of-day super, ale rzadko widoczne.;Nie
176;Bronze;2024-04-15;online;1;44.46;-10;Kierowca Q-com pomylił adres.;Nie
177;Gold;2024-12-15;online;27;208.98;6;Przeceny end-of-day super, ale rzadko widoczne.;Nie
178;Bronze;2025-01-03;online;0;62.57;-31;Świetna jakość mięsa, ale wieczorem często brakuje.;Nie
179;Bronze;2022-06-24;stacjonarny;4;47.46;-4;Przeceny end-of-day super, ale rzadko widoczne.;Nie
180;Silver;2024-03-28;stacjonarny;9;78.58;32;Sklep czysty i obsługa miła, brakuje samoobsługowych kas.;Nie
181;Silver;2025-03-22;stacjonarny;4;72.29;-3;Brak wegańskich opcji w mięsie roślinnym.;Tak
182;Bronze;2022-03-04;q-commerce;1;42.36;0;Q-commerce w Warszawie super, w innych miastach dłuższy czas.;Tak
183;Silver;2024-09-28;stacjonarny;8;111.15;-36;Często psuje się terminal BLIK.;Nie
184;Bronze;2024-07-13;stacjonarny;4;35.66;28;;Nie
185;Bronze;2024-09-25;online;4;46.61;8;OOS na truskawkach w sezonie — trzeci raz pod rząd.;Tak
186;Gold;2024-02-20;stacjonarny;21;169.49;-11;Przeceny end-of-day super, ale rzadko widoczne.;Nie
187;Bronze;2024-06-24;online;2;42.33;-20;Q-commerce w Warszawie super, w innych miastach dłuższy czas.;Tak
188;Bronze;2023-07-08;stacjonarny;4;55.54;-16;Q-commerce w Warszawie super, w innych miastach dłuższy czas.;Tak
189;Silver;2024-03-14;stacjonarny;8;120.4;8;Promocje są dobre, ale potem braki na półce.;Nie
190;Bronze;2022-11-18;stacjonarny;0;23.38;0;Świeże pieczywo tylko do 14:00, potem nic.;Tak
191;Silver;2023-04-22;stacjonarny;7;58.69;10;OOS na truskawkach w sezonie — trzeci raz pod rząd.;Tak
192;Gold;2025-05-11;stacjonarny;11;142.07;36;Przeceny end-of-day super, ale rzadko widoczne.;Nie
193;Bronze;2024-01-04;stacjonarny;2;37.54;3;Aplikacja mobilna mało intuicyjna.;Tak
194;Bronze;2022-05-07;q-commerce;1;30.53;-11;Aplikacja mobilna mało intuicyjna.;Nie
195;Gold;2024-06-24;stacjonarny;27;195.57;79;Świetna jakość mięsa, ale wieczorem często brakuje.;Nie
196;Silver;2024-12-21;online;10;54.23;83;Aplikacja mobilna mało intuicyjna.;Nie
197;Silver;2022-02-10;online;5;60.06;21;Potrzeba więcej parkingu.;Nie
198;Bronze;2025-09-28;stacjonarny;0;47.5;11;;Tak
199;Bronze;2023-09-09;stacjonarny;4;47.8;43;;Nie
200;Silver;2023-10-06;stacjonarny;5;51.51;48;;Nie
201;Bronze;2023-04-27;q-commerce;4;52.2;62;Lubię markę PLON, ekonomicznie i jakościowo.;Nie
202;Bronze;2022-08-23;stacjonarny;2;40.73;48;Aplikacja mobilna mało intuicyjna.;Tak
203;Gold;2023-12-20;stacjonarny;15;134.04;32;Sklep czysty i obsługa miła, brakuje samoobsługowych kas.;Nie
204;Silver;2022-07-27;stacjonarny;6;58.03;-7;;Nie
205;Bronze;2024-11-07;stacjonarny;0;49.28;0;Świeże pieczywo tylko do 14:00, potem nic.;Nie
206;Silver;2022-10-08;online;5;91.58;45;Często psuje się terminal BLIK.;Nie
207;Gold;2025-04-10;online;21;204.86;0;;Nie
208;Silver;2023-07-12;stacjonarny;9;119.58;21;W sezonie urlopowym sklep świeci pustkami — gdzie mleko?;Nie
209;Bronze;2024-12-27;online;4;56.71;10;OOS na truskawkach w sezonie — trzeci raz pod rząd.;Nie
210;Bronze;2023-01-26;q-commerce;4;35.49;44;OOS na truskawkach w sezonie — trzeci raz pod rząd.;Tak
211;Bronze;2024-01-10;stacjonarny;2;38.57;34;Aplikacja mobilna mało intuicyjna.;Tak
212;Bronze;2022-05-06;online;1;50.33;2;Często psuje się terminal BLIK.;Nie
213;Gold;2024-08-24;stacjonarny;14;197.29;43;Potrzeba więcej parkingu.;Nie
214;Bronze;2022-12-20;stacjonarny;4;36.64;-20;Plonka — kupony często nieadekwatne do moich zakupów.;Nie
215;Silver;2024-08-11;q-commerce;4;107.2;36;;Tak
216;Silver;2024-04-12;stacjonarny;7;69.04;-4;W sezonie urlopowym sklep świeci pustkami — gdzie mleko?;Nie
217;Bronze;2022-11-22;q-commerce;0;38.5;27;Świeże pieczywo tylko do 14:00, potem nic.;Tak
218;Silver;2022-06-07;stacjonarny;6;81.64;44;;Nie
219;Gold;2025-10-20;stacjonarny;28;71.85;8;Brak wegańskich opcji w mięsie roślinnym.;Nie
220;Silver;2023-09-10;online;4;67.45;43;Plonka — kupony często nieadekwatne do moich zakupów.;Nie
221;Bronze;2025-05-15;online;3;43.95;61;;Tak
222;Silver;2022-12-21;online;10;49.68;-14;;Nie
223;Silver;2024-11-10;q-commerce;8;78.66;1;Brak wegańskich opcji w mięsie roślinnym.;Tak
224;Bronze;2024-07-22;q-commerce;2;48.38;10;Brak wegańskich opcji w mięsie roślinnym.;Nie
225;Silver;2022-06-21;online;7;63.04;23;W sezonie urlopowym sklep świeci pustkami — gdzie mleko?;Nie
226;Bronze;2024-01-24;stacjonarny;0;40.8;-31;Potrzeba więcej parkingu.;Nie
227;Silver;2025-07-22;stacjonarny;8;116.3;-19;Sklep czysty i obsługa miła, brakuje samoobsługowych kas.;Nie
228;Bronze;2023-01-04;online;2;51.49;-30;;Nie
229;Bronze;2024-01-02;stacjonarny;0;47.78;89;OOS na truskawkach w sezonie — trzeci raz pod rząd.;Tak
230;Gold;2024-05-16;stacjonarny;11;159.97;38;Świeże pieczywo tylko do 14:00, potem nic.;Nie
231;Silver;2023-09-05;stacjonarny;5;81.46;25;W sezonie urlopowym sklep świeci pustkami — gdzie mleko?;Nie
232;Bronze;2022-04-06;stacjonarny;3;67.41;10;Przeceny end-of-day super, ale rzadko widoczne.;Tak
233;Bronze;2024-02-03;online;2;58.66;32;Plonka — kupony często nieadekwatne do moich zakupów.;Nie
234;Bronze;2023-08-06;stacjonarny;3;32.92;-30;;Tak
235;Bronze;2025-01-23;stacjonarny;3;42.38;-20;Świetna jakość mięsa, ale wieczorem często brakuje.;Nie
236;Gold;2023-01-20;q-commerce;23;170.6;37;Aplikacja mobilna mało intuicyjna.;Nie
237;Gold;2023-06-24;stacjonarny;18;173.13;-60;Sklep czysty i obsługa miła, brakuje samoobsługowych kas.;Nie
238;Bronze;2023-08-21;online;4;52.98;23;Sklep czysty i obsługa miła, brakuje samoobsługowych kas.;Nie
239;Silver;2024-12-02;stacjonarny;9;110.87;38;OOS na truskawkach w sezonie — trzeci raz pod rząd.;Nie
240;Bronze;2025-08-16;stacjonarny;2;50.23;-30;Plonka — kupony często nieadekwatne do moich zakupów.;Nie
241;Bronze;2023-05-18;online;2;52.45;32;Drożej niż w Lidlu, ale jakość fresh lepsza.;Nie
242;Bronze;2023-02-07;stacjonarny;2;47.81;-20;Drożej niż w Lidlu, ale jakość fresh lepsza.;Tak
243;Bronze;2024-12-08;stacjonarny;0;43.83;-30;OOS na truskawkach w sezonie — trzeci raz pod rząd.;Tak
244;Silver;2023-01-24;stacjonarny;8;99.88;40;W sezonie urlopowym sklep świeci pustkami — gdzie mleko?;Nie
245;Silver;2025-10-17;online;6;89.39;-36;Często psuje się terminal BLIK.;Nie
246;Bronze;2023-05-05;stacjonarny;1;63.06;-20;Plonka — kupony często nieadekwatne do moich zakupów.;Nie
247;Silver;2025-10-25;stacjonarny;8;60.61;25;Plonka — kupony często nieadekwatne do moich zakupów.;Tak
248;Bronze;2023-10-07;online;0;40.1;28;OOS na truskawkach w sezonie — trzeci raz pod rząd.;Tak
249;Bronze;2023-01-15;stacjonarny;2;40.37;-30;;Tak
250;Bronze;2023-01-02;stacjonarny;4;50.05;55;Q-commerce w Warszawie super, w innych miastach dłuższy czas.;Tak
251;Silver;2023-03-11;stacjonarny;7;94.61;56;Świeże pieczywo tylko do 14:00, potem nic.;Nie
252;Bronze;2023-08-09;online;0;44.28;-20;OOS na truskawkach w sezonie — trzeci raz pod rząd.;Nie
253;Bronze;2025-10-02;stacjonarny;3;69.4;-10;Brak wegańskich opcji w mięsie roślinnym.;Nie
254;Bronze;2022-04-05;stacjonarny;2;49.85;29;Q-commerce w Warszawie super, w innych miastach dłuższy czas.;Tak
255;Silver;2022-05-16;stacjonarny;4;121.49;98;Drożej niż w Lidlu, ale jakość fresh lepsza.;Nie
256;Bronze;2023-07-20;online;2;17.63;-10;Potrzeba więcej parkingu.;Tak
257;Bronze;2022-12-17;stacjonarny;4;37.5;-30;Bardzo długie kolejki w piątek po 17:00.;Tak
258;Bronze;2025-09-09;online;3;52.29;-10;Brak wegańskich opcji w mięsie roślinnym.;Tak
259;Bronze;2025-10-04;stacjonarny;4;59.73;33;;Tak
260;Bronze;2022-06-11;stacjonarny;1;42.16;0;;Nie
261;Bronze;2022-02-10;q-commerce;2;33.23;-10;OOS na truskawkach w sezonie — trzeci raz pod rząd.;Nie
262;Silver;2025-02-19;online;7;94.75;28;Kierowca Q-com pomylił adres.;Tak
263;Bronze;2022-06-24;stacjonarny;2;47.85;-30;Drożej niż w Lidlu, ale jakość fresh lepsza.;Nie
264;Bronze;2023-10-17;stacjonarny;3;49.94;100;Świeże pieczywo tylko do 14:00, potem nic.;Nie
265;Bronze;2023-10-09;q-commerce;1;38.17;30;Bardzo długie kolejki w piątek po 17:00.;Tak
266;Bronze;2024-08-06;online;1;33.71;10;Lubię markę PLON, ekonomicznie i jakościowo.;Nie
267;Bronze;2023-11-20;stacjonarny;0;39.97;27;;Nie
268;Bronze;2024-09-12;stacjonarny;0;43.14;29;Brak wegańskich opcji w mięsie roślinnym.;Tak
269;Silver;2023-08-24;stacjonarny;10;106.04;35;Aplikacja mobilna mało intuicyjna.;Nie
270;Silver;2023-12-21;q-commerce;6;71.35;19;Kierowca Q-com pomylił adres.;Nie
271;Bronze;2024-04-10;stacjonarny;4;35.55;-30;;Tak
272;Gold;2025-02-27;stacjonarny;28;226.44;11;;Nie
273;Bronze;2022-09-09;stacjonarny;0;38.21;0;W sezonie urlopowym sklep świeci pustkami — gdzie mleko?;Tak
274;Gold;2025-11-26;stacjonarny;19;172.39;27;;Nie
275;Silver;2023-02-11;stacjonarny;9;90.77;26;OOS na truskawkach w sezonie — trzeci raz pod rząd.;Nie
276;Silver;2024-08-22;q-commerce;7;94.28;45;Plonka — kupony często nieadekwatne do moich zakupów.;Tak
277;Bronze;2023-11-18;stacjonarny;2;51.92;27;;Nie
278;Bronze;2022-09-16;stacjonarny;4;48.53;59;Potrzeba więcej parkingu.;Tak
279;Silver;2025-01-20;q-commerce;7;96.07;20;OOS na truskawkach w sezonie — trzeci raz pod rząd.;Tak
280;Gold;2025-08-01;stacjonarny;11;171.25;47;Świetna jakość mięsa, ale wieczorem często brakuje.;Nie
281;Gold;2024-09-14;online;13;216.53;-31;Drożej niż w Lidlu, ale jakość fresh lepsza.;Nie
282;Silver;2022-04-25;stacjonarny;5;105.84;50;Aplikacja mobilna mało intuicyjna.;Nie
283;Silver;2024-05-16;stacjonarny;7;116.21;-3;;Nie
284;Silver;2023-09-02;stacjonarny;8;106.96;16;Przeceny end-of-day super, ale rzadko widoczne.;Nie
285;Silver;2022-09-27;online;8;71.17;71;;Nie
286;Silver;2023-07-11;stacjonarny;4;81.87;33;W sezonie urlopowym sklep świeci pustkami — gdzie mleko?;Nie
287;Silver;2024-11-18;stacjonarny;7;53.45;-9;Kierowca Q-com pomylił adres.;Nie
288;Silver;2024-09-06;online;9;62.95;55;W sezonie urlopowym sklep świeci pustkami — gdzie mleko?;Nie
289;Silver;2022-03-02;online;8;86.93;32;Lubię markę PLON, ekonomicznie i jakościowo.;Nie
290;Bronze;2023-05-04;stacjonarny;4;23.63;10;;Nie
291;Silver;2023-01-11;online;7;96.94;73;Świetna jakość mięsa, ale wieczorem często brakuje.;Nie
292;Silver;2023-11-02;online;6;108.89;0;Przeceny end-of-day super, ale rzadko widoczne.;Nie
293;Bronze;2025-10-04;stacjonarny;3;48.11;15;Sklep czysty i obsługa miła, brakuje samoobsługowych kas.;Tak
294;Silver;2022-06-01;stacjonarny;9;127.76;-3;OOS na truskawkach w sezonie — trzeci raz pod rząd.;Nie
295;Gold;2022-07-22;q-commerce;12;120.08;52;Promocje są dobre, ale potem braki na półce.;Nie
296;Bronze;2024-05-21;q-commerce;0;58.74;26;OOS na truskawkach w sezonie — trzeci raz pod rząd.;Tak
297;Bronze;2024-11-15;stacjonarny;1;41.8;-10;Często psuje się terminal BLIK.;Nie
298;Silver;2023-09-01;q-commerce;4;54.84;-34;Potrzeba więcej parkingu.;Nie
299;Bronze;2023-12-21;online;2;29.45;26;Potrzeba więcej parkingu.;Tak
300;Bronze;2022-06-24;stacjonarny;4;33.83;0;;Nie
301;Bronze;2023-02-14;stacjonarny;3;51.71;-20;Plonka — kupony często nieadekwatne do moich zakupów.;Tak
302;Silver;2022-10-25;q-commerce;8;108.85;34;Q-commerce w Warszawie super, w innych miastach dłuższy czas.;Nie
303;Bronze;2023-01-10;stacjonarny;3;50.87;-30;Świetna jakość mięsa, ale wieczorem często brakuje.;Tak
304;Bronze;2024-12-27;stacjonarny;2;54.61;10;OOS na truskawkach w sezonie — trzeci raz pod rząd.;Tak
305;Silver;2024-01-01;online;6;72.82;68;Świeże pieczywo tylko do 14:00, potem nic.;Nie
306;Silver;2022-04-05;online;4;108.95;53;Drożej niż w Lidlu, ale jakość fresh lepsza.;Nie
307;Bronze;2025-05-07;online;1;23.43;-30;Brak wegańskich opcji w mięsie roślinnym.;Nie
308;Silver;2022-10-06;stacjonarny;10;74.74;40;Kierowca Q-com pomylił adres.;Nie
309;Bronze;2022-03-25;q-commerce;3;58.79;35;Q-commerce w Warszawie super, w innych miastach dłuższy czas.;Tak
310;Bronze;2024-02-27;q-commerce;1;53.65;-30;Promocje są dobre, ale potem braki na półce.;Tak
311;Bronze;2025-03-02;stacjonarny;0;16.38;0;Przeceny end-of-day super, ale rzadko widoczne.;Tak
312;Bronze;2023-11-20;stacjonarny;2;41.31;17;Lubię markę PLON, ekonomicznie i jakościowo.;Nie
313;Silver;2023-08-22;stacjonarny;6;100.11;27;Promocje są dobre, ale potem braki na półce.;Nie
314;Bronze;2023-09-25;stacjonarny;1;41.74;-10;;Tak
315;Bronze;2023-03-04;stacjonarny;0;69.17;-10;Aplikacja mobilna mało intuicyjna.;Tak
316;Bronze;2025-12-09;stacjonarny;1;44.42;-20;Plonka — kupony często nieadekwatne do moich zakupów.;Tak
317;Bronze;2023-01-19;stacjonarny;3;46.21;57;;Tak
318;Bronze;2023-02-16;online;0;62.54;6;Aplikacja mobilna mało intuicyjna.;Nie
319;Bronze;2025-07-02;online;2;48.22;20;Świetna jakość mięsa, ale wieczorem często brakuje.;Tak
320;Bronze;2025-11-23;stacjonarny;3;49.7;-20;Często psuje się terminal BLIK.;Tak
321;Gold;2024-02-02;stacjonarny;26;141.73;73;Często psuje się terminal BLIK.;Nie
322;Silver;2025-05-15;stacjonarny;9;61.6;7;Aplikacja mobilna mało intuicyjna.;Nie
323;Bronze;2025-04-13;stacjonarny;4;48.06;23;Brak wegańskich opcji w mięsie roślinnym.;Nie
324;Bronze;2023-12-14;q-commerce;2;61.52;4;Q-commerce w Warszawie super, w innych miastach dłuższy czas.;Nie
325;Bronze;2023-01-18;stacjonarny;4;57.1;34;Przeceny end-of-day super, ale rzadko widoczne.;Tak
326;Bronze;2023-04-14;q-commerce;0;34.86;-24;;Tak
327;Bronze;2022-04-14;stacjonarny;4;32.89;23;Promocje są dobre, ale potem braki na półce.;Nie
328;Silver;2024-09-11;stacjonarny;5;108.28;45;Brak wegańskich opcji w mięsie roślinnym.;Nie
329;Silver;2022-05-27;stacjonarny;5;83.27;-6;Sklep czysty i obsługa miła, brakuje samoobsługowych kas.;Nie
330;Gold;2025-08-06;stacjonarny;19;195.22;-9;Aplikacja mobilna mało intuicyjna.;Nie
331;Silver;2023-02-11;q-commerce;7;98.01;13;Lubię markę PLON, ekonomicznie i jakościowo.;Nie
332;Gold;2024-11-13;stacjonarny;20;199.97;50;W sezonie urlopowym sklep świeci pustkami — gdzie mleko?;Nie
333;Bronze;2024-08-23;stacjonarny;3;56.22;35;;Nie
334;Bronze;2022-09-23;stacjonarny;3;65.24;0;Promocje są dobre, ale potem braki na półce.;Tak
335;Silver;2024-12-21;stacjonarny;8;111.42;45;OOS na truskawkach w sezonie — trzeci raz pod rząd.;Tak
336;Bronze;2023-09-22;stacjonarny;4;49.67;20;Świeże pieczywo tylko do 14:00, potem nic.;Tak
337;Silver;2023-03-09;stacjonarny;6;64.13;-7;Świetna jakość mięsa, ale wieczorem często brakuje.;Nie
338;Silver;2024-05-10;q-commerce;10;107.14;-29;Świetna jakość mięsa, ale wieczorem często brakuje.;Nie
339;Silver;2025-09-19;online;10;75.53;-16;;Nie
340;Bronze;2022-11-15;q-commerce;1;46.82;53;;Tak
341;Bronze;2024-11-04;stacjonarny;1;35.28;-1;Drożej niż w Lidlu, ale jakość fresh lepsza.;Nie
342;Bronze;2024-11-19;stacjonarny;4;45.46;0;Promocje są dobre, ale potem braki na półce.;Nie
343;Silver;2023-01-11;online;8;35.08;68;Plonka — kupony często nieadekwatne do moich zakupów.;Nie
344;Bronze;2023-11-26;stacjonarny;4;47.87;-9;;Nie
345;Bronze;2024-07-04;stacjonarny;3;46.02;-30;Q-commerce w Warszawie super, w innych miastach dłuższy czas.;Tak
346;Gold;2023-12-04;stacjonarny;18;146.69;-29;Drożej niż w Lidlu, ale jakość fresh lepsza.;Nie
347;Silver;2025-02-14;stacjonarny;7;133.57;7;Świeże pieczywo tylko do 14:00, potem nic.;Nie
348;Silver;2025-08-18;stacjonarny;9;75.4;-22;OOS na truskawkach w sezonie — trzeci raz pod rząd.;Nie
349;Gold;2023-08-12;stacjonarny;13;174.4;40;Kierowca Q-com pomylił adres.;Nie
350;Silver;2025-02-09;online;10;88.27;58;OOS na truskawkach w sezonie — trzeci raz pod rząd.;Nie
351;Bronze;2025-05-22;q-commerce;3;51.4;38;;Nie
352;Bronze;2025-02-03;stacjonarny;4;42.08;-10;Potrzeba więcej parkingu.;Nie
353;Bronze;2023-05-04;q-commerce;2;25.5;40;Świeże pieczywo tylko do 14:00, potem nic.;Nie
354;Gold;2023-12-28;stacjonarny;21;123.89;34;Drożej niż w Lidlu, ale jakość fresh lepsza.;Nie
355;Silver;2024-05-15;stacjonarny;8;62.8;54;Brak wegańskich opcji w mięsie roślinnym.;Nie
356;Bronze;2024-06-09;online;3;49.36;-2;;Nie
357;Silver;2023-05-05;stacjonarny;6;111.4;89;W sezonie urlopowym sklep świeci pustkami — gdzie mleko?;Nie
358;Bronze;2023-10-03;stacjonarny;4;43.78;37;Aplikacja mobilna mało intuicyjna.;Tak
359;Bronze;2025-11-13;stacjonarny;4;53.06;65;Świetna jakość mięsa, ale wieczorem często brakuje.;Nie
360;Bronze;2022-11-16;stacjonarny;4;67.15;-27;Bardzo długie kolejki w piątek po 17:00.;Nie
361;Silver;2023-07-19;stacjonarny;6;97.52;59;W sezonie urlopowym sklep świeci pustkami — gdzie mleko?;Nie
362;Bronze;2024-10-07;online;2;51.84;-30;W sezonie urlopowym sklep świeci pustkami — gdzie mleko?;Tak
363;Silver;2024-03-10;stacjonarny;7;81.58;40;Aplikacja mobilna mało intuicyjna.;Tak
364;Bronze;2023-07-25;online;2;38.67;8;Często psuje się terminal BLIK.;Nie
365;Silver;2023-06-22;online;6;111.37;0;;Nie
366;Silver;2022-12-28;stacjonarny;7;43.6;-7;;Nie
367;Silver;2023-07-25;online;8;99.59;5;Lubię markę PLON, ekonomicznie i jakościowo.;Nie
368;Silver;2024-10-01;stacjonarny;7;87.93;41;Przeceny end-of-day super, ale rzadko widoczne.;Nie
369;Silver;2023-09-22;stacjonarny;7;92.72;36;;Nie
370;Bronze;2022-08-25;online;2;30.65;10;Aplikacja mobilna mało intuicyjna.;Tak
371;Gold;2024-12-11;stacjonarny;21;177.25;53;Sklep czysty i obsługa miła, brakuje samoobsługowych kas.;Nie
372;Bronze;2024-03-11;stacjonarny;0;44.76;-30;Świeże pieczywo tylko do 14:00, potem nic.;Nie
373;Bronze;2023-07-10;stacjonarny;2;23.76;21;OOS na truskawkach w sezonie — trzeci raz pod rząd.;Tak
374;Gold;2024-07-02;stacjonarny;17;128.67;18;;Nie
375;Bronze;2023-06-20;stacjonarny;2;37.34;-10;Plonka — kupony często nieadekwatne do moich zakupów.;Tak
376;Silver;2024-04-26;stacjonarny;5;74.43;24;Q-commerce w Warszawie super, w innych miastach dłuższy czas.;Nie
377;Bronze;2023-01-20;stacjonarny;3;58.61;-18;Plonka — kupony często nieadekwatne do moich zakupów.;Tak
378;Silver;2025-06-03;online;10;112.42;45;Często psuje się terminal BLIK.;Nie
379;Bronze;2023-12-19;stacjonarny;2;28.29;-6;Świeże pieczywo tylko do 14:00, potem nic.;Nie
380;Bronze;2025-02-05;q-commerce;2;51.59;-4;Bardzo długie kolejki w piątek po 17:00.;Tak
381;Bronze;2022-09-20;online;3;62.64;33;Potrzeba więcej parkingu.;Tak
382;Gold;2023-05-09;q-commerce;17;189.24;2;Aplikacja mobilna mało intuicyjna.;Nie
383;Bronze;2022-04-27;online;2;74.85;24;;Nie
384;Bronze;2023-03-07;q-commerce;4;48.94;64;;Tak
385;Bronze;2022-05-25;stacjonarny;0;37.58;62;;Nie
386;Silver;2024-04-28;q-commerce;5;72.3;53;Q-commerce w Warszawie super, w innych miastach dłuższy czas.;Nie
387;Silver;2024-12-03;stacjonarny;10;83.09;13;Często psuje się terminal BLIK.;Nie
388;Bronze;2023-12-22;stacjonarny;2;32.57;17;Bardzo długie kolejki w piątek po 17:00.;Nie
389;Bronze;2023-10-16;q-commerce;4;33.89;-30;W sezonie urlopowym sklep świeci pustkami — gdzie mleko?;Nie
390;Bronze;2024-08-16;online;4;45.92;-10;Plonka — kupony często nieadekwatne do moich zakupów.;Tak
391;Gold;2023-11-09;stacjonarny;19;197.16;12;OOS na truskawkach w sezonie — trzeci raz pod rząd.;Nie
392;Bronze;2022-03-15;stacjonarny;4;38.08;11;Lubię markę PLON, ekonomicznie i jakościowo.;Nie
393;Bronze;2024-09-12;stacjonarny;2;55.27;0;Brak wegańskich opcji w mięsie roślinnym.;Nie
394;Bronze;2025-04-17;q-commerce;2;65.05;-20;Bardzo długie kolejki w piątek po 17:00.;Tak
395;Bronze;2024-03-25;stacjonarny;3;43.46;-30;Aplikacja mobilna mało intuicyjna.;Tak
396;Bronze;2024-09-07;q-commerce;1;46.53;29;OOS na truskawkach w sezonie — trzeci raz pod rząd.;Tak
397;Bronze;2023-10-02;stacjonarny;0;37.76;-10;Q-commerce w Warszawie super, w innych miastach dłuższy czas.;Nie
398;Gold;2023-03-23;online;21;165.4;56;Często psuje się terminal BLIK.;Nie
399;Bronze;2022-10-03;stacjonarny;4;63.78;33;Bardzo długie kolejki w piątek po 17:00.;Nie
400;Bronze;2023-03-07;stacjonarny;3;47.17;-20;Potrzeba więcej parkingu.;Tak
401;Bronze;2024-08-01;online;4;47.57;26;Brak wegańskich opcji w mięsie roślinnym.;Nie
402;Bronze;2024-03-09;stacjonarny;4;42.76;-10;Potrzeba więcej parkingu.;Tak
403;Bronze;2023-02-10;stacjonarny;0;58.13;23;;Nie
404;Silver;2023-07-28;stacjonarny;8;66.73;-11;Aplikacja mobilna mało intuicyjna.;Nie
405;Silver;2023-09-10;stacjonarny;10;77.51;-7;Sklep czysty i obsługa miła, brakuje samoobsługowych kas.;Nie
406;Bronze;2025-05-21;stacjonarny;2;41.8;0;Przeceny end-of-day super, ale rzadko widoczne.;Tak
407;Silver;2024-05-10;online;5;96.36;-4;Przeceny end-of-day super, ale rzadko widoczne.;Tak
408;Bronze;2023-10-10;online;2;37.16;27;Świetna jakość mięsa, ale wieczorem często brakuje.;Nie
409;Silver;2022-11-05;stacjonarny;6;69.79;17;Drożej niż w Lidlu, ale jakość fresh lepsza.;Tak
410;Silver;2023-08-13;online;9;85.21;-41;Brak wegańskich opcji w mięsie roślinnym.;Nie
411;Silver;2024-12-27;online;8;59.93;-38;Sklep czysty i obsługa miła, brakuje samoobsługowych kas.;Nie
412;Silver;2022-06-15;online;7;74.24;36;Q-commerce w Warszawie super, w innych miastach dłuższy czas.;Nie
413;Bronze;2022-07-28;stacjonarny;3;48.49;10;Aplikacja mobilna mało intuicyjna.;Nie
414;Bronze;2023-03-11;stacjonarny;2;52.65;50;Sklep czysty i obsługa miła, brakuje samoobsługowych kas.;Nie
415;Bronze;2023-08-04;stacjonarny;3;41.41;3;Przeceny end-of-day super, ale rzadko widoczne.;Nie
416;Bronze;2023-07-22;q-commerce;3;44.02;4;W sezonie urlopowym sklep świeci pustkami — gdzie mleko?;Tak
417;Silver;2022-04-15;stacjonarny;9;98.09;33;Świeże pieczywo tylko do 14:00, potem nic.;Nie
418;Silver;2022-12-18;stacjonarny;5;110.94;38;Świeże pieczywo tylko do 14:00, potem nic.;Nie
419;Silver;2024-09-22;stacjonarny;5;104.18;17;Q-commerce w Warszawie super, w innych miastach dłuższy czas.;Nie
420;Bronze;2023-01-27;online;1;70.0;53;;Tak
421;Bronze;2023-06-07;online;1;50.94;-14;W sezonie urlopowym sklep świeci pustkami — gdzie mleko?;Tak
422;Silver;2022-10-28;stacjonarny;10;108.92;-13;Świetna jakość mięsa, ale wieczorem często brakuje.;Nie
423;Bronze;2023-09-12;online;0;38.45;27;;Tak
424;Bronze;2025-09-15;online;2;43.81;-2;Bardzo długie kolejki w piątek po 17:00.;Nie
425;Silver;2024-12-15;stacjonarny;8;94.55;62;Przeceny end-of-day super, ale rzadko widoczne.;Nie
426;Bronze;2024-01-25;stacjonarny;0;56.28;69;Drożej niż w Lidlu, ale jakość fresh lepsza.;Tak
427;Bronze;2022-09-16;q-commerce;2;91.96;10;;Nie
428;Silver;2023-01-04;stacjonarny;10;77.83;9;Kierowca Q-com pomylił adres.;Nie
429;Silver;2024-01-06;online;9;70.56;34;Przeceny end-of-day super, ale rzadko widoczne.;Nie
430;Bronze;2025-11-06;stacjonarny;2;19.19;-30;OOS na truskawkach w sezonie — trzeci raz pod rząd.;Tak
431;Bronze;2022-12-06;stacjonarny;4;55.65;69;OOS na truskawkach w sezonie — trzeci raz pod rząd.;Tak
432;Bronze;2022-04-09;stacjonarny;3;24.77;36;Przeceny end-of-day super, ale rzadko widoczne.;Tak
433;Silver;2025-12-01;online;9;75.58;34;Drożej niż w Lidlu, ale jakość fresh lepsza.;Nie
434;Bronze;2024-10-11;stacjonarny;1;55.1;-20;Aplikacja mobilna mało intuicyjna.;Tak
435;Bronze;2024-06-10;stacjonarny;4;42.11;27;W sezonie urlopowym sklep świeci pustkami — gdzie mleko?;Nie
436;Silver;2024-07-01;online;10;68.94;52;Świeże pieczywo tylko do 14:00, potem nic.;Tak
437;Bronze;2024-09-17;stacjonarny;1;70.13;48;Świetna jakość mięsa, ale wieczorem często brakuje.;Tak
438;Bronze;2024-11-09;stacjonarny;2;37.95;7;Sklep czysty i obsługa miła, brakuje samoobsługowych kas.;Tak
439;Silver;2022-10-24;q-commerce;5;88.4;67;Świetna jakość mięsa, ale wieczorem często brakuje.;Nie
440;Bronze;2025-11-26;stacjonarny;1;40.59;61;Q-commerce w Warszawie super, w innych miastach dłuższy czas.;Nie
441;Gold;2023-10-08;q-commerce;10;65.68;11;Q-commerce w Warszawie super, w innych miastach dłuższy czas.;Nie
442;Gold;2024-11-21;stacjonarny;12;167.71;24;Świetna jakość mięsa, ale wieczorem często brakuje.;Nie
443;Gold;2022-06-10;stacjonarny;24;168.17;16;Świeże pieczywo tylko do 14:00, potem nic.;Nie
444;Bronze;2023-05-28;stacjonarny;1;39.66;-12;Potrzeba więcej parkingu.;Nie
445;Silver;2023-01-01;q-commerce;8;67.3;-9;;Tak
446;Bronze;2025-08-25;stacjonarny;2;48.85;-30;;Nie
447;Bronze;2022-10-04;q-commerce;3;67.16;-10;Bardzo długie kolejki w piątek po 17:00.;Nie
448;Bronze;2022-09-15;stacjonarny;0;53.57;2;Lubię markę PLON, ekonomicznie i jakościowo.;Tak
449;Bronze;2023-05-05;q-commerce;2;63.43;-10;Często psuje się terminal BLIK.;Nie
450;Gold;2022-01-09;stacjonarny;17;118.98;13;W sezonie urlopowym sklep świeci pustkami — gdzie mleko?;Nie
451;Silver;2023-11-05;online;6;80.09;34;Świetna jakość mięsa, ale wieczorem często brakuje.;Nie
452;Gold;2022-05-27;q-commerce;16;126.91;6;Sklep czysty i obsługa miła, brakuje samoobsługowych kas.;Nie
453;Gold;2023-03-06;stacjonarny;17;190.6;57;Brak wegańskich opcji w mięsie roślinnym.;Nie
454;Bronze;2023-05-23;stacjonarny;1;36.31;-10;Brak wegańskich opcji w mięsie roślinnym.;Tak
455;Bronze;2024-01-12;stacjonarny;1;38.43;-4;Często psuje się terminal BLIK.;Nie
456;Gold;2025-07-18;stacjonarny;11;167.76;7;Bardzo długie kolejki w piątek po 17:00.;Nie
457;Bronze;2023-06-10;stacjonarny;4;50.9;17;Aplikacja mobilna mało intuicyjna.;Nie
458;Bronze;2024-06-15;stacjonarny;4;41.28;-30;;Nie
459;Gold;2025-11-04;stacjonarny;19;203.79;27;Świeże pieczywo tylko do 14:00, potem nic.;Nie
460;Bronze;2025-03-02;online;1;36.85;-1;Często psuje się terminal BLIK.;Nie
461;Bronze;2024-10-22;stacjonarny;4;48.61;-10;Bardzo długie kolejki w piątek po 17:00.;Tak
462;Silver;2023-11-17;stacjonarny;8;88.65;46;;Nie
463;Bronze;2024-05-24;online;2;24.46;36;Drożej niż w Lidlu, ale jakość fresh lepsza.;Tak
464;Silver;2023-12-20;q-commerce;7;81.62;-28;Plonka — kupony często nieadekwatne do moich zakupów.;Nie
465;Bronze;2023-11-15;stacjonarny;4;35.66;5;Q-commerce w Warszawie super, w innych miastach dłuższy czas.;Nie
466;Silver;2024-05-25;stacjonarny;7;60.57;57;Drożej niż w Lidlu, ale jakość fresh lepsza.;Nie
467;Silver;2022-12-12;online;8;88.1;44;Bardzo długie kolejki w piątek po 17:00.;Nie
468;Silver;2024-09-14;stacjonarny;7;51.93;0;Drożej niż w Lidlu, ale jakość fresh lepsza.;Nie
469;Silver;2025-06-14;stacjonarny;6;85.12;-22;;Nie
470;Gold;2025-11-02;online;13;195.0;37;Przeceny end-of-day super, ale rzadko widoczne.;Nie
471;Bronze;2024-03-08;q-commerce;2;52.16;18;Aplikacja mobilna mało intuicyjna.;Tak
472;Bronze;2024-09-19;stacjonarny;4;41.1;-10;Brak wegańskich opcji w mięsie roślinnym.;Tak
473;Bronze;2025-11-12;online;4;40.77;14;;Nie
474;Bronze;2023-12-06;stacjonarny;3;24.7;-20;Lubię markę PLON, ekonomicznie i jakościowo.;Tak
475;Bronze;2023-01-05;stacjonarny;1;49.52;74;Świeże pieczywo tylko do 14:00, potem nic.;Nie
476;Gold;2022-06-23;stacjonarny;15;177.49;-23;Aplikacja mobilna mało intuicyjna.;Nie
477;Bronze;2025-07-04;stacjonarny;4;33.88;-20;Promocje są dobre, ale potem braki na półce.;Tak
478;Silver;2024-10-14;stacjonarny;7;95.76;26;Promocje są dobre, ale potem braki na półce.;Tak
479;Bronze;2025-04-19;stacjonarny;0;40.85;20;W sezonie urlopowym sklep świeci pustkami — gdzie mleko?;Tak
480;Bronze;2022-10-14;online;4;34.39;8;Plonka — kupony często nieadekwatne do moich zakupów.;Tak
481;Gold;2025-10-18;stacjonarny;26;137.74;-8;Aplikacja mobilna mało intuicyjna.;Nie
482;Bronze;2023-07-10;stacjonarny;2;35.24;25;Potrzeba więcej parkingu.;Tak
483;Bronze;2024-03-08;stacjonarny;4;45.37;-30;Promocje są dobre, ale potem braki na półce.;Nie
484;Bronze;2024-06-28;stacjonarny;4;15.0;4;Brak wegańskich opcji w mięsie roślinnym.;Nie
485;Bronze;2024-04-02;q-commerce;2;59.88;0;Przeceny end-of-day super, ale rzadko widoczne.;Nie
486;Gold;2023-05-05;q-commerce;20;206.98;28;Plonka — kupony często nieadekwatne do moich zakupów.;Nie
487;Silver;2022-07-06;online;8;57.62;41;OOS na truskawkach w sezonie — trzeci raz pod rząd.;Nie
488;Bronze;2022-07-17;stacjonarny;2;48.74;-9;Świetna jakość mięsa, ale wieczorem często brakuje.;Tak
489;Bronze;2023-03-19;online;4;35.79;29;;Tak
490;Bronze;2025-11-25;stacjonarny;2;40.23;24;;Nie
491;Bronze;2025-12-10;stacjonarny;3;34.89;52;;Nie
492;Silver;2024-11-09;online;9;78.03;-39;Świetna jakość mięsa, ale wieczorem często brakuje.;Nie
493;Bronze;2023-07-25;stacjonarny;0;50.37;10;Drożej niż w Lidlu, ale jakość fresh lepsza.;Tak
494;Silver;2024-04-02;stacjonarny;10;89.5;10;Lubię markę PLON, ekonomicznie i jakościowo.;Nie
495;Bronze;2025-09-20;stacjonarny;3;15.0;28;;Tak
496;Silver;2023-05-28;stacjonarny;7;137.14;-20;Lubię markę PLON, ekonomicznie i jakościowo.;Nie
497;Bronze;2025-08-17;stacjonarny;4;46.38;-10;Sklep czysty i obsługa miła, brakuje samoobsługowych kas.;Tak
498;Bronze;2022-11-17;stacjonarny;0;15.44;-11;Aplikacja mobilna mało intuicyjna.;Tak
499;Gold;2023-08-14;stacjonarny;17;215.84;34;Przeceny end-of-day super, ale rzadko widoczne.;Nie
500;Bronze;2022-06-25;stacjonarny;4;35.42;81;Aplikacja mobilna mało intuicyjna.;Nie
501;Bronze;2023-12-25;stacjonarny;1;34.17;0;Bardzo długie kolejki w piątek po 17:00.;Tak
502;Silver;2022-06-04;online;10;89.91;69;Sklep czysty i obsługa miła, brakuje samoobsługowych kas.;Nie
503;Bronze;2024-04-14;stacjonarny;2;55.61;-19;Q-commerce w Warszawie super, w innych miastach dłuższy czas.;Nie
504;Bronze;2023-06-13;stacjonarny;4;63.27;38;Plonka — kupony często nieadekwatne do moich zakupów.;Tak
505;Silver;2025-07-16;stacjonarny;6;107.34;16;Plonka — kupony często nieadekwatne do moich zakupów.;Nie
506;Bronze;2025-09-11;stacjonarny;0;27.6;42;Bardzo długie kolejki w piątek po 17:00.;Nie
507;Bronze;2023-12-02;stacjonarny;0;52.41;-11;Kierowca Q-com pomylił adres.;Nie
508;Gold;2024-02-15;stacjonarny;28;207.67;13;Sklep czysty i obsługa miła, brakuje samoobsługowych kas.;Nie
509;Silver;2025-02-01;stacjonarny;9;82.64;22;Lubię markę PLON, ekonomicznie i jakościowo.;Tak
510;Bronze;2023-11-14;q-commerce;1;55.6;-30;Bardzo długie kolejki w piątek po 17:00.;Nie
511;Bronze;2024-12-17;stacjonarny;0;52.67;6;Promocje są dobre, ale potem braki na półce.;Tak
512;Gold;2023-11-03;q-commerce;14;125.27;-16;Świeże pieczywo tylko do 14:00, potem nic.;Nie
513;Gold;2025-06-11;q-commerce;22;164.12;-30;Często psuje się terminal BLIK.;Nie
514;Gold;2024-08-20;online;12;193.69;50;Kierowca Q-com pomylił adres.;Nie
515;Bronze;2023-01-03;online;3;37.95;-10;;Nie
516;Gold;2025-02-10;stacjonarny;22;175.68;57;OOS na truskawkach w sezonie — trzeci raz pod rząd.;Nie
517;Bronze;2023-12-05;stacjonarny;0;48.01;41;OOS na truskawkach w sezonie — trzeci raz pod rząd.;Tak
518;Bronze;2023-11-07;q-commerce;3;31.51;1;Potrzeba więcej parkingu.;Nie
519;Bronze;2024-02-17;stacjonarny;1;35.94;-1;Świetna jakość mięsa, ale wieczorem często brakuje.;Tak
520;Bronze;2024-01-01;q-commerce;0;57.89;-30;Przeceny end-of-day super, ale rzadko widoczne.;Nie
521;Bronze;2025-06-03;stacjonarny;3;41.83;-10;;Tak
522;Bronze;2023-03-24;stacjonarny;3;35.69;-10;Aplikacja mobilna mało intuicyjna.;Tak
523;Silver;2023-08-08;stacjonarny;10;64.24;13;Drożej niż w Lidlu, ale jakość fresh lepsza.;Nie
524;Bronze;2025-07-04;online;1;51.74;29;Sklep czysty i obsługa miła, brakuje samoobsługowych kas.;Nie
525;Bronze;2024-11-09;stacjonarny;2;29.08;-20;Plonka — kupony często nieadekwatne do moich zakupów.;Tak
526;Silver;2023-05-06;q-commerce;8;54.82;78;Q-commerce w Warszawie super, w innych miastach dłuższy czas.;Nie
527;Silver;2024-11-12;q-commerce;7;96.14;20;Q-commerce w Warszawie super, w innych miastach dłuższy czas.;Nie
528;Silver;2024-08-14;stacjonarny;4;86.98;77;Sklep czysty i obsługa miła, brakuje samoobsługowych kas.;Nie
529;Bronze;2024-12-20;q-commerce;0;58.6;-20;OOS na truskawkach w sezonie — trzeci raz pod rząd.;Nie
530;Bronze;2022-06-02;stacjonarny;0;32.94;38;Kierowca Q-com pomylił adres.;Tak
531;Gold;2023-01-21;online;28;155.91;-12;Sklep czysty i obsługa miła, brakuje samoobsługowych kas.;Nie
532;Silver;2023-01-08;stacjonarny;4;79.03;35;Q-commerce w Warszawie super, w innych miastach dłuższy czas.;Nie
533;Silver;2025-03-20;q-commerce;10;83.41;54;Kierowca Q-com pomylił adres.;Nie
534;Bronze;2023-10-25;online;1;35.19;-20;W sezonie urlopowym sklep świeci pustkami — gdzie mleko?;Tak
535;Bronze;2024-04-20;stacjonarny;2;43.16;-10;OOS na truskawkach w sezonie — trzeci raz pod rząd.;Nie
536;Gold;2023-04-17;stacjonarny;12;118.03;43;Promocje są dobre, ale potem braki na półce.;Nie
537;Bronze;2023-01-05;stacjonarny;2;33.92;0;Bardzo długie kolejki w piątek po 17:00.;Nie
538;Silver;2023-12-03;stacjonarny;7;81.13;-17;Potrzeba więcej parkingu.;Nie
539;Silver;2025-07-27;q-commerce;9;106.07;35;Świetna jakość mięsa, ale wieczorem często brakuje.;Nie
540;Bronze;2023-05-26;stacjonarny;3;56.19;10;Q-commerce w Warszawie super, w innych miastach dłuższy czas.;Nie
541;Silver;2023-03-08;online;8;97.3;-16;;Nie
542;Bronze;2025-02-03;stacjonarny;3;55.38;18;Bardzo długie kolejki w piątek po 17:00.;Nie
543;Bronze;2024-04-27;stacjonarny;3;35.35;-10;;Nie
544;Bronze;2022-05-11;q-commerce;0;71.16;42;;Nie
545;Silver;2023-12-01;online;6;77.1;-9;Potrzeba więcej parkingu.;Nie
546;Bronze;2023-01-20;stacjonarny;0;47.25;33;W sezonie urlopowym sklep świeci pustkami — gdzie mleko?;Nie
547;Bronze;2025-02-02;stacjonarny;1;51.1;0;;Nie
548;Bronze;2023-02-04;stacjonarny;2;42.26;-20;Aplikacja mobilna mało intuicyjna.;Tak
549;Bronze;2023-09-11;stacjonarny;3;43.47;17;W sezonie urlopowym sklep świeci pustkami — gdzie mleko?;Nie
550;Silver;2023-08-23;stacjonarny;8;90.51;-9;;Nie
551;Bronze;2024-09-24;stacjonarny;2;45.12;48;Kierowca Q-com pomylił adres.;Nie
552;Bronze;2024-09-25;stacjonarny;2;49.32;0;Przeceny end-of-day super, ale rzadko widoczne.;Nie
553;Bronze;2023-04-06;stacjonarny;3;29.6;1;Bardzo długie kolejki w piątek po 17:00.;Tak
554;Bronze;2022-11-24;online;3;36.67;-20;OOS na truskawkach w sezonie — trzeci raz pod rząd.;Tak
555;Silver;2023-02-16;stacjonarny;10;100.25;-46;Sklep czysty i obsługa miła, brakuje samoobsługowych kas.;Nie
556;Bronze;2022-03-28;stacjonarny;1;33.74;-45;W sezonie urlopowym sklep świeci pustkami — gdzie mleko?;Tak
557;Bronze;2024-06-04;online;1;35.32;33;Przeceny end-of-day super, ale rzadko widoczne.;Nie
558;Bronze;2025-06-04;q-commerce;3;68.7;10;Q-commerce w Warszawie super, w innych miastach dłuższy czas.;Tak
559;Bronze;2024-02-06;stacjonarny;0;41.53;32;Świetna jakość mięsa, ale wieczorem często brakuje.;Tak
560;Bronze;2023-03-28;online;4;40.15;27;Plonka — kupony często nieadekwatne do moich zakupów.;Nie
561;Silver;2022-10-03;stacjonarny;7;91.34;18;Lubię markę PLON, ekonomicznie i jakościowo.;Nie
562;Gold;2023-01-25;online;18;227.98;48;Aplikacja mobilna mało intuicyjna.;Nie
563;Bronze;2023-12-20;stacjonarny;4;29.91;-10;Lubię markę PLON, ekonomicznie i jakościowo.;Nie
564;Bronze;2024-09-03;online;3;54.45;-7;;Tak
565;Bronze;2024-09-11;online;1;61.46;0;Bardzo długie kolejki w piątek po 17:00.;Nie
566;Bronze;2023-08-28;online;3;39.09;0;Plonka — kupony często nieadekwatne do moich zakupów.;Nie
567;Bronze;2023-07-24;online;3;31.89;8;;Nie
568;Silver;2024-08-14;stacjonarny;7;98.45;38;;Nie
569;Silver;2023-11-08;q-commerce;8;77.28;59;;Nie
570;Gold;2023-01-20;stacjonarny;19;211.7;11;;Nie
571;Bronze;2024-10-12;stacjonarny;2;46.78;12;;Nie
572;Silver;2024-01-02;stacjonarny;6;100.8;18;Drożej niż w Lidlu, ale jakość fresh lepsza.;Nie
573;Gold;2022-10-21;stacjonarny;17;81.24;23;Q-commerce w Warszawie super, w innych miastach dłuższy czas.;Nie
574;Silver;2024-07-03;online;7;80.06;-8;Drożej niż w Lidlu, ale jakość fresh lepsza.;Tak
575;Bronze;2024-08-02;stacjonarny;3;31.17;48;Q-commerce w Warszawie super, w innych miastach dłuższy czas.;Nie
576;Bronze;2022-11-06;q-commerce;0;51.84;-30;OOS na truskawkach w sezonie — trzeci raz pod rząd.;Tak
577;Bronze;2022-04-07;stacjonarny;0;15.9;-22;Promocje są dobre, ale potem braki na półce.;Nie
578;Silver;2023-07-25;stacjonarny;10;84.71;91;Potrzeba więcej parkingu.;Nie
579;Silver;2022-09-03;online;9;100.1;14;Potrzeba więcej parkingu.;Nie
580;Gold;2022-02-14;q-commerce;24;109.71;-51;W sezonie urlopowym sklep świeci pustkami — gdzie mleko?;Nie
581;Bronze;2023-08-28;online;3;35.16;-10;Plonka — kupony często nieadekwatne do moich zakupów.;Nie
582;Bronze;2022-08-13;q-commerce;0;26.91;0;Sklep czysty i obsługa miła, brakuje samoobsługowych kas.;Nie
583;Gold;2025-12-28;q-commerce;10;153.12;45;Kierowca Q-com pomylił adres.;Nie
584;Bronze;2023-08-21;stacjonarny;2;49.78;-20;Często psuje się terminal BLIK.;Tak
585;Bronze;2025-01-12;stacjonarny;4;31.21;49;Aplikacja mobilna mało intuicyjna.;Nie
586;Bronze;2022-01-02;stacjonarny;3;36.33;50;Bardzo długie kolejki w piątek po 17:00.;Nie
587;Bronze;2024-11-03;stacjonarny;3;49.55;18;Drożej niż w Lidlu, ale jakość fresh lepsza.;Tak
588;Bronze;2025-01-07;stacjonarny;2;42.99;10;Potrzeba więcej parkingu.;Nie
589;Silver;2023-03-04;stacjonarny;6;65.59;27;;Nie
590;Silver;2023-04-11;stacjonarny;7;78.77;18;Plonka — kupony często nieadekwatne do moich zakupów.;Nie
591;Bronze;2025-01-14;stacjonarny;2;38.87;55;Przeceny end-of-day super, ale rzadko widoczne.;Nie
592;Silver;2023-09-25;stacjonarny;7;80.7;61;Świeże pieczywo tylko do 14:00, potem nic.;Nie
593;Bronze;2022-02-28;stacjonarny;3;38.94;9;Potrzeba więcej parkingu.;Nie
594;Bronze;2023-07-01;q-commerce;0;31.87;69;Q-commerce w Warszawie super, w innych miastach dłuższy czas.;Nie
595;Bronze;2022-04-12;online;1;51.65;39;Promocje są dobre, ale potem braki na półce.;Nie
596;Bronze;2024-11-10;stacjonarny;1;44.27;-30;Aplikacja mobilna mało intuicyjna.;Nie
597;Bronze;2022-04-21;stacjonarny;3;50.17;0;Świetna jakość mięsa, ale wieczorem często brakuje.;Nie
598;Bronze;2024-12-21;stacjonarny;2;42.83;39;Przeceny end-of-day super, ale rzadko widoczne.;Tak
599;Gold;2024-01-11;online;16;138.54;37;W sezonie urlopowym sklep świeci pustkami — gdzie mleko?;Nie
600;Bronze;2024-06-14;stacjonarny;0;53.58;10;Q-commerce w Warszawie super, w innych miastach dłuższy czas.;Nie
601;Bronze;2025-07-07;stacjonarny;0;36.0;48;;Nie
602;Gold;2025-11-07;stacjonarny;25;152.0;0;;Nie
603;Bronze;2024-12-07;q-commerce;2;38.38;10;OOS na truskawkach w sezonie — trzeci raz pod rząd.;Tak
604;Gold;2024-03-14;stacjonarny;18;168.15;16;Bardzo długie kolejki w piątek po 17:00.;Nie
605;Bronze;2024-01-06;online;3;62.35;34;;Nie
606;Silver;2023-06-27;online;6;69.4;61;Brak wegańskich opcji w mięsie roślinnym.;Tak
607;Bronze;2025-01-06;stacjonarny;0;46.89;-10;Potrzeba więcej parkingu.;Nie
608;Bronze;2023-11-27;online;4;55.7;-1;Sklep czysty i obsługa miła, brakuje samoobsługowych kas.;Nie
609;Silver;2023-02-16;stacjonarny;6;52.96;44;;Nie
610;Gold;2023-10-18;stacjonarny;26;168.66;59;;Nie
611;Silver;2022-04-06;online;9;56.21;2;Lubię markę PLON, ekonomicznie i jakościowo.;Tak
612;Bronze;2022-09-27;online;4;51.55;0;;Tak
613;Bronze;2024-08-13;stacjonarny;1;35.5;37;Q-commerce w Warszawie super, w innych miastach dłuższy czas.;Nie
614;Silver;2023-06-05;stacjonarny;10;110.41;28;Często psuje się terminal BLIK.;Nie
615;Bronze;2024-06-13;stacjonarny;2;53.43;-30;;Tak
616;Bronze;2022-06-22;stacjonarny;2;48.27;-20;Kierowca Q-com pomylił adres.;Nie
617;Bronze;2023-08-19;stacjonarny;1;28.52;-22;Lubię markę PLON, ekonomicznie i jakościowo.;Nie
618;Silver;2022-06-27;stacjonarny;5;99.76;58;Potrzeba więcej parkingu.;Nie
619;Bronze;2023-05-16;stacjonarny;0;45.89;-10;Bardzo długie kolejki w piątek po 17:00.;Nie
620;Silver;2023-05-06;q-commerce;4;106.04;28;Lubię markę PLON, ekonomicznie i jakościowo.;Nie
621;Bronze;2023-10-09;q-commerce;3;40.08;-20;Aplikacja mobilna mało intuicyjna.;Nie
622;Silver;2024-07-01;stacjonarny;7;93.01;52;Plonka — kupony często nieadekwatne do moich zakupów.;Nie
623;Gold;2022-12-19;q-commerce;17;131.98;9;;Nie
624;Bronze;2023-10-02;stacjonarny;0;39.51;61;;Tak
625;Silver;2022-02-17;online;10;71.64;65;W sezonie urlopowym sklep świeci pustkami — gdzie mleko?;Nie
626;Bronze;2023-06-20;stacjonarny;2;27.64;0;OOS na truskawkach w sezonie — trzeci raz pod rząd.;Tak
627;Bronze;2023-11-09;stacjonarny;3;38.43;-8;Promocje są dobre, ale potem braki na półce.;Tak
628;Bronze;2025-11-17;q-commerce;4;66.42;-10;Sklep czysty i obsługa miła, brakuje samoobsługowych kas.;Nie
629;Bronze;2025-02-06;online;1;64.9;64;;Tak
630;Silver;2023-12-17;stacjonarny;6;65.95;49;Kierowca Q-com pomylił adres.;Nie
631;Bronze;2024-01-14;q-commerce;0;25.83;10;Potrzeba więcej parkingu.;Tak
632;Silver;2024-05-19;stacjonarny;8;71.61;9;Świeże pieczywo tylko do 14:00, potem nic.;Tak
633;Silver;2022-02-05;stacjonarny;6;110.46;38;Kierowca Q-com pomylił adres.;Nie
634;Bronze;2024-06-18;stacjonarny;0;55.84;7;Aplikacja mobilna mało intuicyjna.;Nie
635;Bronze;2023-02-14;online;4;41.81;10;Przeceny end-of-day super, ale rzadko widoczne.;Nie
636;Bronze;2022-11-08;online;0;44.24;61;W sezonie urlopowym sklep świeci pustkami — gdzie mleko?;Tak
637;Bronze;2024-01-25;online;0;45.69;59;Potrzeba więcej parkingu.;Tak
638;Silver;2024-12-07;stacjonarny;9;88.0;7;W sezonie urlopowym sklep świeci pustkami — gdzie mleko?;Nie
639;Bronze;2023-07-15;stacjonarny;1;57.58;-10;Plonka — kupony często nieadekwatne do moich zakupów.;Nie
640;Gold;2023-11-28;stacjonarny;15;129.68;40;Przeceny end-of-day super, ale rzadko widoczne.;Nie
641;Silver;2023-05-22;stacjonarny;4;75.61;2;Brak wegańskich opcji w mięsie roślinnym.;Nie
642;Silver;2023-03-15;online;8;42.05;43;Lubię markę PLON, ekonomicznie i jakościowo.;Nie
643;Silver;2024-06-08;q-commerce;8;86.92;18;Potrzeba więcej parkingu.;Nie
644;Bronze;2024-07-04;stacjonarny;0;34.65;-20;Sklep czysty i obsługa miła, brakuje samoobsługowych kas.;Nie
645;Silver;2023-07-23;stacjonarny;5;101.21;33;;Nie
646;Bronze;2022-10-02;stacjonarny;0;48.96;-20;Potrzeba więcej parkingu.;Tak
647;Silver;2022-06-05;stacjonarny;4;92.12;0;Plonka — kupony często nieadekwatne do moich zakupów.;Tak
648;Bronze;2023-05-02;stacjonarny;4;60.08;19;;Nie
649;Gold;2022-04-14;stacjonarny;14;206.41;69;W sezonie urlopowym sklep świeci pustkami — gdzie mleko?;Nie
650;Bronze;2024-03-18;q-commerce;1;44.2;11;Lubię markę PLON, ekonomicznie i jakościowo.;Nie
651;Bronze;2024-01-12;stacjonarny;2;47.1;5;Świetna jakość mięsa, ale wieczorem często brakuje.;Tak
652;Silver;2024-10-05;q-commerce;5;80.49;35;Często psuje się terminal BLIK.;Tak
653;Bronze;2022-03-27;stacjonarny;4;51.0;-30;Sklep czysty i obsługa miła, brakuje samoobsługowych kas.;Tak
654;Bronze;2024-09-24;online;2;29.22;13;OOS na truskawkach w sezonie — trzeci raz pod rząd.;Tak
655;Silver;2025-08-26;stacjonarny;6;71.04;5;;Tak
656;Bronze;2025-01-15;online;2;52.02;-10;Kierowca Q-com pomylił adres.;Nie
657;Bronze;2022-02-09;q-commerce;2;41.45;0;OOS na truskawkach w sezonie — trzeci raz pod rząd.;Tak
658;Bronze;2023-12-23;online;3;56.94;-7;Aplikacja mobilna mało intuicyjna.;Nie
659;Bronze;2025-10-03;q-commerce;4;59.59;53;Przeceny end-of-day super, ale rzadko widoczne.;Nie
660;Bronze;2023-04-12;stacjonarny;3;38.1;10;Sklep czysty i obsługa miła, brakuje samoobsługowych kas.;Tak
661;Bronze;2023-11-14;stacjonarny;2;69.35;-20;Często psuje się terminal BLIK.;Nie
662;Bronze;2024-01-16;online;3;39.14;-18;OOS na truskawkach w sezonie — trzeci raz pod rząd.;Nie
663;Gold;2022-08-06;stacjonarny;21;185.86;37;Drożej niż w Lidlu, ale jakość fresh lepsza.;Nie
664;Bronze;2022-08-05;online;0;43.23;10;Brak wegańskich opcji w mięsie roślinnym.;Nie
665;Bronze;2023-02-21;stacjonarny;4;38.02;21;W sezonie urlopowym sklep świeci pustkami — gdzie mleko?;Nie
666;Bronze;2023-08-27;stacjonarny;4;33.1;39;;Nie
667;Silver;2023-10-19;stacjonarny;8;85.55;-31;Promocje są dobre, ale potem braki na półce.;Nie
668;Silver;2024-11-07;stacjonarny;6;83.82;61;Świetna jakość mięsa, ale wieczorem często brakuje.;Nie
669;Gold;2023-01-26;online;19;187.72;-17;Promocje są dobre, ale potem braki na półce.;Nie
670;Bronze;2023-07-24;online;2;42.86;33;;Nie
671;Silver;2023-09-05;stacjonarny;6;59.47;39;Brak wegańskich opcji w mięsie roślinnym.;Tak
672;Silver;2023-09-04;stacjonarny;4;69.24;69;Promocje są dobre, ale potem braki na półce.;Nie
673;Bronze;2022-04-23;q-commerce;3;46.02;-10;Lubię markę PLON, ekonomicznie i jakościowo.;Tak
674;Bronze;2023-10-06;stacjonarny;1;52.44;0;;Nie
675;Bronze;2024-07-21;stacjonarny;2;58.3;-20;Promocje są dobre, ale potem braki na półce.;Tak
676;Bronze;2025-05-01;stacjonarny;3;48.75;-20;Często psuje się terminal BLIK.;Tak
677;Silver;2025-06-23;stacjonarny;6;61.88;55;Aplikacja mobilna mało intuicyjna.;Tak
678;Silver;2025-04-12;stacjonarny;10;79.17;46;Kierowca Q-com pomylił adres.;Nie
679;Gold;2023-01-24;stacjonarny;10;160.17;-33;OOS na truskawkach w sezonie — trzeci raz pod rząd.;Nie
680;Bronze;2025-01-04;online;2;42.63;1;;Nie
681;Bronze;2022-08-09;stacjonarny;2;33.86;15;Plonka — kupony często nieadekwatne do moich zakupów.;Tak
682;Bronze;2025-04-15;q-commerce;0;57.56;-9;Lubię markę PLON, ekonomicznie i jakościowo.;Tak
683;Bronze;2023-03-26;stacjonarny;0;50.43;32;Brak wegańskich opcji w mięsie roślinnym.;Nie
684;Bronze;2025-01-18;stacjonarny;4;47.96;-14;W sezonie urlopowym sklep świeci pustkami — gdzie mleko?;Tak
685;Bronze;2023-03-21;stacjonarny;2;50.45;-29;Świeże pieczywo tylko do 14:00, potem nic.;Nie
686;Bronze;2025-09-04;stacjonarny;0;48.84;0;Przeceny end-of-day super, ale rzadko widoczne.;Tak
687;Bronze;2024-04-14;stacjonarny;3;60.86;-10;OOS na truskawkach w sezonie — trzeci raz pod rząd.;Nie
688;Gold;2024-04-16;stacjonarny;18;144.94;23;W sezonie urlopowym sklep świeci pustkami — gdzie mleko?;Nie
689;Bronze;2025-03-09;online;2;36.01;33;Często psuje się terminal BLIK.;Nie
690;Bronze;2024-07-19;online;0;61.56;69;Q-commerce w Warszawie super, w innych miastach dłuższy czas.;Tak
691;Bronze;2025-03-11;q-commerce;1;32.8;0;W sezonie urlopowym sklep świeci pustkami — gdzie mleko?;Tak
692;Bronze;2024-08-27;stacjonarny;0;31.89;43;W sezonie urlopowym sklep świeci pustkami — gdzie mleko?;Nie
693;Gold;2024-10-26;q-commerce;26;183.77;28;Drożej niż w Lidlu, ale jakość fresh lepsza.;Nie
694;Bronze;2022-06-16;stacjonarny;0;33.53;10;;Tak
695;Bronze;2023-10-24;q-commerce;3;42.78;-12;OOS na truskawkach w sezonie — trzeci raz pod rząd.;Tak
696;Bronze;2023-07-20;stacjonarny;0;43.63;0;Lubię markę PLON, ekonomicznie i jakościowo.;Tak
697;Bronze;2023-11-12;online;1;25.71;18;Świeże pieczywo tylko do 14:00, potem nic.;Tak
698;Silver;2024-07-24;stacjonarny;10;64.11;30;Aplikacja mobilna mało intuicyjna.;Nie
699;Silver;2024-04-28;online;8;107.14;-1;Świeże pieczywo tylko do 14:00, potem nic.;Tak
700;Bronze;2023-02-17;stacjonarny;0;58.89;-53;Bardzo długie kolejki w piątek po 17:00.;Tak
701;Bronze;2024-02-19;stacjonarny;1;44.26;-30;Drożej niż w Lidlu, ale jakość fresh lepsza.;Nie
702;Silver;2022-12-28;stacjonarny;5;73.78;4;OOS na truskawkach w sezonie — trzeci raz pod rząd.;Nie
703;Silver;2025-09-15;q-commerce;5;63.47;42;Brak wegańskich opcji w mięsie roślinnym.;Nie
704;Silver;2022-12-08;stacjonarny;8;122.09;-1;Q-commerce w Warszawie super, w innych miastach dłuższy czas.;Nie
705;Silver;2025-08-19;stacjonarny;5;46.21;11;Kierowca Q-com pomylił adres.;Nie
706;Silver;2023-10-19;stacjonarny;7;68.56;53;Drożej niż w Lidlu, ale jakość fresh lepsza.;Nie
707;Silver;2025-03-15;online;4;106.0;66;Świetna jakość mięsa, ale wieczorem często brakuje.;Tak
708;Bronze;2022-05-22;stacjonarny;2;40.61;40;;Tak
709;Bronze;2024-11-12;stacjonarny;1;43.26;39;Świetna jakość mięsa, ale wieczorem często brakuje.;Tak
710;Bronze;2024-12-10;stacjonarny;2;38.59;-10;Świeże pieczywo tylko do 14:00, potem nic.;Nie
711;Bronze;2024-07-17;online;1;39.33;2;Bardzo długie kolejki w piątek po 17:00.;Nie
712;Bronze;2024-08-19;stacjonarny;4;49.08;10;Potrzeba więcej parkingu.;Nie
713;Gold;2025-04-25;online;22;283.95;25;Sklep czysty i obsługa miła, brakuje samoobsługowych kas.;Nie
714;Gold;2023-07-06;online;10;139.09;31;Brak wegańskich opcji w mięsie roślinnym.;Nie
715;Gold;2024-03-05;online;14;204.64;12;;Nie
716;Bronze;2023-10-28;stacjonarny;1;49.91;46;;Tak
717;Bronze;2023-09-02;stacjonarny;3;47.88;10;Brak wegańskich opcji w mięsie roślinnym.;Tak
718;Bronze;2024-12-18;q-commerce;4;43.62;27;Plonka — kupony często nieadekwatne do moich zakupów.;Nie
719;Bronze;2024-03-05;stacjonarny;0;54.04;-30;Sklep czysty i obsługa miła, brakuje samoobsługowych kas.;Tak
720;Bronze;2025-10-15;stacjonarny;2;35.96;71;Świetna jakość mięsa, ale wieczorem często brakuje.;Nie
721;Silver;2024-12-24;stacjonarny;4;77.74;16;Często psuje się terminal BLIK.;Nie
722;Silver;2024-04-05;online;6;110.34;56;Bardzo długie kolejki w piątek po 17:00.;Nie
723;Bronze;2023-08-17;stacjonarny;2;49.8;12;Świeże pieczywo tylko do 14:00, potem nic.;Nie
724;Bronze;2023-09-27;q-commerce;2;31.25;26;Brak wegańskich opcji w mięsie roślinnym.;Tak
725;Silver;2024-01-01;stacjonarny;6;55.48;89;W sezonie urlopowym sklep świeci pustkami — gdzie mleko?;Nie
726;Bronze;2024-11-07;stacjonarny;4;61.98;10;Potrzeba więcej parkingu.;Tak
727;Bronze;2024-09-05;online;2;50.49;46;Świeże pieczywo tylko do 14:00, potem nic.;Tak
728;Bronze;2023-07-21;stacjonarny;3;63.11;0;Bardzo długie kolejki w piątek po 17:00.;Nie
729;Silver;2022-03-23;stacjonarny;6;79.65;65;Kierowca Q-com pomylił adres.;Nie
730;Bronze;2023-11-13;stacjonarny;1;42.62;10;Q-commerce w Warszawie super, w innych miastach dłuższy czas.;Tak
731;Bronze;2025-02-03;stacjonarny;4;48.39;-30;Często psuje się terminal BLIK.;Nie
732;Bronze;2022-11-17;stacjonarny;1;40.08;63;Aplikacja mobilna mało intuicyjna.;Nie
733;Bronze;2024-05-21;stacjonarny;2;66.01;28;Potrzeba więcej parkingu.;Tak
734;Bronze;2024-08-19;q-commerce;0;47.94;-20;W sezonie urlopowym sklep świeci pustkami — gdzie mleko?;Nie
735;Bronze;2025-02-25;stacjonarny;3;63.31;22;Świetna jakość mięsa, ale wieczorem często brakuje.;Nie
736;Silver;2023-07-14;online;9;76.74;23;Lubię markę PLON, ekonomicznie i jakościowo.;Nie
737;Gold;2022-02-25;stacjonarny;20;185.96;54;Aplikacja mobilna mało intuicyjna.;Nie
738;Bronze;2024-08-09;stacjonarny;3;42.01;0;Drożej niż w Lidlu, ale jakość fresh lepsza.;Tak
739;Bronze;2024-09-09;stacjonarny;3;53.79;10;W sezonie urlopowym sklep świeci pustkami — gdzie mleko?;Nie
740;Bronze;2023-03-15;online;0;39.77;0;W sezonie urlopowym sklep świeci pustkami — gdzie mleko?;Tak
741;Bronze;2023-08-28;stacjonarny;4;28.93;21;Plonka — kupony często nieadekwatne do moich zakupów.;Nie
742;Gold;2024-07-10;online;27;126.87;78;Potrzeba więcej parkingu.;Nie
743;Silver;2022-09-07;stacjonarny;8;66.92;17;Aplikacja mobilna mało intuicyjna.;Nie
744;Bronze;2025-03-21;stacjonarny;1;40.55;37;Świeże pieczywo tylko do 14:00, potem nic.;Nie
745;Bronze;2023-01-15;q-commerce;2;40.46;34;Plonka — kupony często nieadekwatne do moich zakupów.;Nie
746;Silver;2023-09-19;stacjonarny;8;67.91;2;Brak wegańskich opcji w mięsie roślinnym.;Nie
747;Silver;2023-12-26;stacjonarny;5;90.71;52;Lubię markę PLON, ekonomicznie i jakościowo.;Nie
748;Bronze;2024-07-06;q-commerce;1;35.1;0;Brak wegańskich opcji w mięsie roślinnym.;Nie
749;Silver;2024-10-06;stacjonarny;4;105.64;-7;Kierowca Q-com pomylił adres.;Nie
750;Silver;2022-09-08;stacjonarny;10;103.62;47;Potrzeba więcej parkingu.;Tak
751;Bronze;2025-01-23;stacjonarny;4;50.21;-30;Sklep czysty i obsługa miła, brakuje samoobsługowych kas.;Nie
752;Silver;2024-08-13;online;9;84.27;-15;Promocje są dobre, ale potem braki na półce.;Nie
753;Gold;2024-07-02;stacjonarny;22;165.94;-2;Świetna jakość mięsa, ale wieczorem często brakuje.;Nie
754;Silver;2024-02-01;q-commerce;5;90.51;36;OOS na truskawkach w sezonie — trzeci raz pod rząd.;Tak
755;Bronze;2024-02-13;online;0;59.04;10;Plonka — kupony często nieadekwatne do moich zakupów.;Nie
756;Gold;2024-07-05;stacjonarny;16;155.41;15;Kierowca Q-com pomylił adres.;Nie
757;Gold;2024-11-19;online;28;161.6;43;W sezonie urlopowym sklep świeci pustkami — gdzie mleko?;Nie
758;Silver;2024-03-04;q-commerce;4;82.31;-15;Potrzeba więcej parkingu.;Tak
759;Bronze;2025-05-22;stacjonarny;3;71.33;-30;;Tak
760;Bronze;2025-09-08;stacjonarny;4;46.14;-6;Brak wegańskich opcji w mięsie roślinnym.;Tak
761;Silver;2024-03-13;stacjonarny;6;70.99;40;Świetna jakość mięsa, ale wieczorem często brakuje.;Tak
762;Silver;2022-05-16;stacjonarny;8;85.21;36;Aplikacja mobilna mało intuicyjna.;Nie
763;Bronze;2025-08-20;online;0;46.79;35;W sezonie urlopowym sklep świeci pustkami — gdzie mleko?;Nie
764;Bronze;2023-04-15;stacjonarny;0;38.33;72;Aplikacja mobilna mało intuicyjna.;Nie
765;Bronze;2023-05-20;online;3;37.8;-34;Lubię markę PLON, ekonomicznie i jakościowo.;Tak
766;Bronze;2025-05-08;online;0;53.22;51;Kierowca Q-com pomylił adres.;Nie
767;Gold;2024-10-12;stacjonarny;27;187.35;48;Plonka — kupony często nieadekwatne do moich zakupów.;Nie
768;Silver;2024-03-17;online;6;100.59;46;Plonka — kupony często nieadekwatne do moich zakupów.;Nie
769;Bronze;2023-08-11;q-commerce;4;54.46;-30;Świetna jakość mięsa, ale wieczorem często brakuje.;Nie
770;Bronze;2023-11-22;online;4;73.94;-17;Bardzo długie kolejki w piątek po 17:00.;Tak
771;Silver;2023-09-24;stacjonarny;6;88.51;19;Aplikacja mobilna mało intuicyjna.;Nie
772;Silver;2022-09-18;stacjonarny;9;87.79;65;Potrzeba więcej parkingu.;Nie
773;Bronze;2023-03-21;online;1;42.73;17;Aplikacja mobilna mało intuicyjna.;Nie
774;Bronze;2022-10-16;online;2;29.6;-10;W sezonie urlopowym sklep świeci pustkami — gdzie mleko?;Nie
775;Bronze;2022-01-10;stacjonarny;4;46.87;25;Potrzeba więcej parkingu.;Nie
776;Bronze;2024-04-07;stacjonarny;4;49.65;-30;Promocje są dobre, ale potem braki na półce.;Tak
777;Bronze;2024-05-15;online;2;54.38;-10;Bardzo długie kolejki w piątek po 17:00.;Tak
778;Bronze;2025-01-14;online;1;45.99;0;Potrzeba więcej parkingu.;Tak
779;Silver;2022-01-12;online;8;82.18;14;Kierowca Q-com pomylił adres.;Nie
780;Silver;2024-04-05;stacjonarny;6;69.01;-3;Plonka — kupony często nieadekwatne do moich zakupów.;Nie
781;Gold;2024-04-08;stacjonarny;27;90.85;-38;Potrzeba więcej parkingu.;Nie
782;Bronze;2025-01-13;online;0;41.45;-30;Drożej niż w Lidlu, ale jakość fresh lepsza.;Nie
783;Silver;2024-12-11;q-commerce;10;104.39;6;;Nie
784;Gold;2022-01-10;online;13;194.0;42;W sezonie urlopowym sklep świeci pustkami — gdzie mleko?;Nie
785;Silver;2024-06-06;stacjonarny;6;96.23;7;Lubię markę PLON, ekonomicznie i jakościowo.;Nie
786;Bronze;2023-05-04;online;4;41.8;-20;Drożej niż w Lidlu, ale jakość fresh lepsza.;Tak
787;Bronze;2024-12-03;stacjonarny;1;61.86;10;;Nie
788;Bronze;2023-10-05;stacjonarny;2;46.64;-20;Kierowca Q-com pomylił adres.;Nie
789;Bronze;2023-10-02;stacjonarny;1;60.79;0;Sklep czysty i obsługa miła, brakuje samoobsługowych kas.;Nie
790;Bronze;2024-03-08;stacjonarny;1;44.19;-25;W sezonie urlopowym sklep świeci pustkami — gdzie mleko?;Tak
791;Bronze;2024-01-14;stacjonarny;3;37.95;-30;Świeże pieczywo tylko do 14:00, potem nic.;Nie
792;Bronze;2022-04-28;online;1;46.22;26;Plonka — kupony często nieadekwatne do moich zakupów.;Nie
793;Silver;2024-01-15;stacjonarny;8;95.03;20;Brak wegańskich opcji w mięsie roślinnym.;Tak
794;Bronze;2024-07-09;stacjonarny;2;37.04;0;Plonka — kupony często nieadekwatne do moich zakupów.;Tak
795;Silver;2025-06-15;stacjonarny;4;93.82;4;Często psuje się terminal BLIK.;Nie
796;Silver;2024-02-13;stacjonarny;9;113.37;23;;Nie
797;Gold;2024-05-03;online;15;197.36;21;Promocje są dobre, ale potem braki na półce.;Nie
798;Bronze;2023-08-18;q-commerce;1;51.12;-18;Kierowca Q-com pomylił adres.;Tak
799;Silver;2023-10-02;online;5;110.71;-45;Świetna jakość mięsa, ale wieczorem często brakuje.;Nie
800;Silver;2023-02-15;stacjonarny;4;74.17;50;Promocje są dobre, ale potem braki na półce.;Nie
801;Silver;2024-12-11;q-commerce;9;109.15;10;Przeceny end-of-day super, ale rzadko widoczne.;Tak
802;Bronze;2025-10-27;stacjonarny;3;25.99;38;Plonka — kupony często nieadekwatne do moich zakupów.;Nie
803;Bronze;2024-06-23;stacjonarny;3;48.22;-18;OOS na truskawkach w sezonie — trzeci raz pod rząd.;Nie
804;Bronze;2024-08-20;online;3;36.19;0;Świetna jakość mięsa, ale wieczorem często brakuje.;Nie
805;Bronze;2023-02-23;stacjonarny;2;56.34;-9;Przeceny end-of-day super, ale rzadko widoczne.;Nie
806;Silver;2023-05-19;stacjonarny;5;85.65;28;Brak wegańskich opcji w mięsie roślinnym.;Nie
807;Bronze;2023-10-08;stacjonarny;0;33.88;1;;Tak
808;Bronze;2023-01-08;stacjonarny;3;58.0;12;;Nie
809;Bronze;2022-11-27;stacjonarny;2;49.68;52;Bardzo długie kolejki w piątek po 17:00.;Tak
810;Silver;2023-07-10;stacjonarny;7;49.87;47;;Nie
811;Gold;2025-10-10;stacjonarny;11;75.47;46;Przeceny end-of-day super, ale rzadko widoczne.;Nie
812;Bronze;2022-03-11;stacjonarny;3;72.43;6;Kierowca Q-com pomylił adres.;Nie
813;Silver;2023-05-03;stacjonarny;10;81.86;1;;Nie
814;Bronze;2023-04-03;stacjonarny;4;42.89;27;Przeceny end-of-day super, ale rzadko widoczne.;Nie
815;Bronze;2025-05-16;stacjonarny;0;56.08;18;Q-commerce w Warszawie super, w innych miastach dłuższy czas.;Tak
816;Bronze;2025-11-08;stacjonarny;0;27.07;50;Plonka — kupony często nieadekwatne do moich zakupów.;Nie
817;Gold;2024-09-13;online;25;168.23;32;Plonka — kupony często nieadekwatne do moich zakupów.;Nie
818;Bronze;2024-09-19;online;1;56.65;0;Bardzo długie kolejki w piątek po 17:00.;Nie
819;Silver;2023-03-13;online;5;126.46;9;Q-commerce w Warszawie super, w innych miastach dłuższy czas.;Nie
820;Bronze;2025-09-01;q-commerce;4;58.05;46;Świetna jakość mięsa, ale wieczorem często brakuje.;Tak
821;Bronze;2023-02-18;stacjonarny;2;16.13;-20;Aplikacja mobilna mało intuicyjna.;Nie
822;Silver;2025-03-12;q-commerce;6;66.88;-3;Przeceny end-of-day super, ale rzadko widoczne.;Nie
823;Gold;2024-10-18;online;27;190.37;48;Przeceny end-of-day super, ale rzadko widoczne.;Nie
824;Bronze;2022-06-22;online;3;36.75;9;Brak wegańskich opcji w mięsie roślinnym.;Tak
825;Bronze;2024-02-01;stacjonarny;2;25.34;-10;Drożej niż w Lidlu, ale jakość fresh lepsza.;Tak
826;Bronze;2025-10-05;online;4;26.95;34;Brak wegańskich opcji w mięsie roślinnym.;Nie
827;Bronze;2023-07-09;stacjonarny;3;46.85;0;Plonka — kupony często nieadekwatne do moich zakupów.;Tak
828;Bronze;2024-08-20;stacjonarny;4;22.65;-20;Potrzeba więcej parkingu.;Tak
829;Bronze;2023-05-13;stacjonarny;1;45.53;51;Potrzeba więcej parkingu.;Tak
830;Silver;2024-10-01;stacjonarny;6;111.86;14;Świeże pieczywo tylko do 14:00, potem nic.;Tak
831;Bronze;2024-11-19;stacjonarny;0;62.52;-30;Świetna jakość mięsa, ale wieczorem często brakuje.;Tak
832;Gold;2024-09-23;q-commerce;28;145.29;43;Drożej niż w Lidlu, ale jakość fresh lepsza.;Nie
833;Gold;2023-10-06;stacjonarny;10;144.9;14;OOS na truskawkach w sezonie — trzeci raz pod rząd.;Nie
834;Silver;2023-02-16;q-commerce;5;94.19;41;Promocje są dobre, ale potem braki na półce.;Nie
835;Silver;2023-04-19;q-commerce;10;128.42;37;Kierowca Q-com pomylił adres.;Nie
836;Bronze;2023-10-25;online;4;24.13;51;;Nie
837;Silver;2024-08-23;stacjonarny;6;67.53;-16;Bardzo długie kolejki w piątek po 17:00.;Nie
838;Silver;2023-01-09;stacjonarny;8;91.38;74;;Nie
839;Bronze;2022-02-17;stacjonarny;4;33.09;43;;Nie
840;Silver;2025-10-08;q-commerce;5;94.19;22;Potrzeba więcej parkingu.;Nie
841;Bronze;2023-10-07;stacjonarny;0;45.54;-20;Potrzeba więcej parkingu.;Tak
842;Bronze;2022-05-19;online;3;58.59;71;Kierowca Q-com pomylił adres.;Nie
843;Silver;2023-07-22;stacjonarny;4;78.27;45;Lubię markę PLON, ekonomicznie i jakościowo.;Nie
844;Bronze;2023-07-15;stacjonarny;4;45.91;35;Świetna jakość mięsa, ale wieczorem często brakuje.;Nie
845;Gold;2022-01-16;stacjonarny;10;133.82;-29;Bardzo długie kolejki w piątek po 17:00.;Nie
846;Silver;2024-06-09;stacjonarny;5;81.64;51;Brak wegańskich opcji w mięsie roślinnym.;Tak
847;Gold;2024-08-01;online;24;175.6;18;Promocje są dobre, ale potem braki na półce.;Nie
848;Silver;2024-10-02;stacjonarny;10;102.8;7;Q-commerce w Warszawie super, w innych miastach dłuższy czas.;Nie
849;Bronze;2025-11-11;q-commerce;2;32.44;10;Często psuje się terminal BLIK.;Tak
850;Silver;2025-09-24;stacjonarny;10;95.34;-26;Przeceny end-of-day super, ale rzadko widoczne.;Tak
851;Silver;2024-09-27;stacjonarny;6;64.23;15;Plonka — kupony często nieadekwatne do moich zakupów.;Nie
852;Silver;2023-02-22;stacjonarny;4;108.26;53;Plonka — kupony często nieadekwatne do moich zakupów.;Tak
853;Silver;2022-04-16;online;8;100.5;77;Aplikacja mobilna mało intuicyjna.;Nie
854;Bronze;2024-04-22;online;3;47.53;8;;Nie
855;Bronze;2023-11-07;q-commerce;3;32.8;20;Lubię markę PLON, ekonomicznie i jakościowo.;Nie
856;Silver;2024-10-26;q-commerce;4;78.46;24;Plonka — kupony często nieadekwatne do moich zakupów.;Nie
857;Silver;2024-12-16;stacjonarny;6;89.02;-5;Promocje są dobre, ale potem braki na półce.;Nie
858;Bronze;2023-02-14;q-commerce;1;30.74;23;Kierowca Q-com pomylił adres.;Nie
859;Bronze;2022-07-18;stacjonarny;0;47.29;-20;Sklep czysty i obsługa miła, brakuje samoobsługowych kas.;Tak
860;Gold;2022-05-12;stacjonarny;11;205.58;64;Lubię markę PLON, ekonomicznie i jakościowo.;Nie
861;Bronze;2024-11-08;online;0;27.54;48;Aplikacja mobilna mało intuicyjna.;Tak
862;Bronze;2023-02-07;online;0;59.88;30;Kierowca Q-com pomylił adres.;Tak
863;Bronze;2024-03-27;stacjonarny;0;44.96;28;Przeceny end-of-day super, ale rzadko widoczne.;Nie
864;Gold;2023-09-27;q-commerce;19;178.82;42;Lubię markę PLON, ekonomicznie i jakościowo.;Nie
865;Bronze;2025-10-19;stacjonarny;3;67.96;-4;Drożej niż w Lidlu, ale jakość fresh lepsza.;Tak
866;Silver;2025-03-13;online;10;54.74;15;Promocje są dobre, ale potem braki na półce.;Nie
867;Bronze;2024-09-02;online;4;37.26;-30;Q-commerce w Warszawie super, w innych miastach dłuższy czas.;Nie
868;Bronze;2022-05-05;stacjonarny;0;44.9;27;Aplikacja mobilna mało intuicyjna.;Nie
869;Bronze;2025-06-16;stacjonarny;2;47.39;-20;Świeże pieczywo tylko do 14:00, potem nic.;Nie
870;Bronze;2023-07-04;stacjonarny;1;35.0;-4;OOS na truskawkach w sezonie — trzeci raz pod rząd.;Tak
871;Silver;2024-07-18;online;10;77.0;85;;Nie
872;Bronze;2023-01-26;stacjonarny;1;33.06;56;Często psuje się terminal BLIK.;Nie
873;Silver;2024-04-04;stacjonarny;4;78.1;38;Aplikacja mobilna mało intuicyjna.;Nie
874;Silver;2023-04-28;stacjonarny;10;71.92;12;Bardzo długie kolejki w piątek po 17:00.;Nie
875;Silver;2024-12-24;stacjonarny;7;67.55;2;Świetna jakość mięsa, ale wieczorem często brakuje.;Nie
876;Silver;2024-02-10;online;7;49.75;44;Q-commerce w Warszawie super, w innych miastach dłuższy czas.;Nie
877;Silver;2025-01-21;q-commerce;9;94.62;32;;Nie
878;Silver;2025-07-06;stacjonarny;4;61.12;35;Sklep czysty i obsługa miła, brakuje samoobsługowych kas.;Nie
879;Bronze;2024-06-10;stacjonarny;3;58.94;50;Często psuje się terminal BLIK.;Tak
880;Silver;2023-03-23;stacjonarny;9;70.0;14;OOS na truskawkach w sezonie — trzeci raz pod rząd.;Nie
881;Gold;2024-07-22;stacjonarny;27;145.8;13;;Nie
882;Silver;2024-11-11;online;9;72.91;30;Drożej niż w Lidlu, ale jakość fresh lepsza.;Tak
883;Bronze;2023-07-26;online;2;31.84;22;Sklep czysty i obsługa miła, brakuje samoobsługowych kas.;Nie
884;Bronze;2024-09-17;q-commerce;4;44.98;-19;Brak wegańskich opcji w mięsie roślinnym.;Tak
885;Silver;2023-10-25;online;4;118.15;38;;Nie
886;Bronze;2023-12-23;stacjonarny;0;55.62;0;W sezonie urlopowym sklep świeci pustkami — gdzie mleko?;Nie
887;Silver;2024-08-03;q-commerce;8;101.92;4;;Nie
888;Silver;2023-02-18;stacjonarny;8;41.0;35;Lubię markę PLON, ekonomicznie i jakościowo.;Tak
889;Bronze;2022-12-19;stacjonarny;2;57.36;-10;Drożej niż w Lidlu, ale jakość fresh lepsza.;Nie
890;Bronze;2023-05-25;stacjonarny;4;48.46;9;Sklep czysty i obsługa miła, brakuje samoobsługowych kas.;Nie
891;Silver;2022-01-17;stacjonarny;7;67.34;54;Plonka — kupony często nieadekwatne do moich zakupów.;Nie
892;Silver;2022-04-28;stacjonarny;4;68.41;68;Świetna jakość mięsa, ale wieczorem często brakuje.;Tak
893;Bronze;2023-04-17;stacjonarny;1;52.03;7;Aplikacja mobilna mało intuicyjna.;Tak
894;Bronze;2023-01-04;online;2;36.23;-4;Świetna jakość mięsa, ale wieczorem często brakuje.;Nie
895;Silver;2023-06-25;stacjonarny;7;78.47;95;Przeceny end-of-day super, ale rzadko widoczne.;Nie
896;Bronze;2024-07-14;online;4;47.19;-20;Świeże pieczywo tylko do 14:00, potem nic.;Tak
897;Silver;2022-06-01;stacjonarny;5;82.75;-14;Sklep czysty i obsługa miła, brakuje samoobsługowych kas.;Nie
898;Silver;2023-08-11;stacjonarny;5;90.73;33;Drożej niż w Lidlu, ale jakość fresh lepsza.;Nie
899;Bronze;2023-09-09;stacjonarny;4;52.43;-8;Często psuje się terminal BLIK.;Nie
900;Silver;2022-05-19;stacjonarny;6;70.4;16;Promocje są dobre, ale potem braki na półce.;Tak
901;Silver;2023-05-11;online;7;116.82;-21;;Nie
902;Bronze;2022-01-01;stacjonarny;0;38.25;44;Plonka — kupony często nieadekwatne do moich zakupów.;Nie
903;Silver;2023-10-15;online;7;77.15;12;Plonka — kupony często nieadekwatne do moich zakupów.;Nie
904;Bronze;2023-04-08;stacjonarny;3;61.9;13;Sklep czysty i obsługa miła, brakuje samoobsługowych kas.;Tak
905;Bronze;2024-03-15;online;1;40.33;38;Q-commerce w Warszawie super, w innych miastach dłuższy czas.;Tak
906;Gold;2025-02-20;stacjonarny;15;186.4;-11;Brak wegańskich opcji w mięsie roślinnym.;Nie
907;Bronze;2023-05-04;stacjonarny;0;31.26;10;Sklep czysty i obsługa miła, brakuje samoobsługowych kas.;Nie
908;Silver;2023-08-04;online;10;101.15;23;Brak wegańskich opcji w mięsie roślinnym.;Nie
909;Bronze;2022-11-11;stacjonarny;1;36.36;27;Plonka — kupony często nieadekwatne do moich zakupów.;Nie
910;Gold;2024-10-23;stacjonarny;23;200.59;15;Sklep czysty i obsługa miła, brakuje samoobsługowych kas.;Nie
911;Bronze;2023-09-23;stacjonarny;0;26.96;66;Q-commerce w Warszawie super, w innych miastach dłuższy czas.;Tak
912;Bronze;2022-01-06;stacjonarny;1;46.3;36;Sklep czysty i obsługa miła, brakuje samoobsługowych kas.;Nie
913;Bronze;2023-01-16;q-commerce;4;50.52;6;Promocje są dobre, ale potem braki na półce.;Nie
914;Bronze;2023-06-19;stacjonarny;1;50.17;0;OOS na truskawkach w sezonie — trzeci raz pod rząd.;Nie
915;Silver;2022-01-13;online;7;73.06;31;Potrzeba więcej parkingu.;Nie
916;Bronze;2022-05-23;stacjonarny;2;43.66;-10;;Tak
917;Bronze;2024-11-23;stacjonarny;2;50.98;61;Aplikacja mobilna mało intuicyjna.;Nie
918;Silver;2023-11-22;stacjonarny;6;106.98;71;Aplikacja mobilna mało intuicyjna.;Nie
919;Gold;2024-07-28;stacjonarny;24;111.39;51;Świetna jakość mięsa, ale wieczorem często brakuje.;Nie
920;Bronze;2022-06-28;stacjonarny;1;43.76;22;Promocje są dobre, ale potem braki na półce.;Tak
921;Silver;2024-05-27;stacjonarny;10;109.24;-35;Brak wegańskich opcji w mięsie roślinnym.;Nie
922;Bronze;2023-12-23;online;2;57.42;25;Świetna jakość mięsa, ale wieczorem często brakuje.;Nie
923;Bronze;2023-01-28;stacjonarny;2;30.9;-20;OOS na truskawkach w sezonie — trzeci raz pod rząd.;Tak
924;Silver;2022-05-01;stacjonarny;9;103.05;0;Przeceny end-of-day super, ale rzadko widoczne.;Nie
925;Gold;2022-01-03;stacjonarny;18;225.84;-30;Plonka — kupony często nieadekwatne do moich zakupów.;Nie
926;Silver;2025-01-18;online;8;138.87;37;Promocje są dobre, ale potem braki na półce.;Nie
927;Silver;2023-11-24;q-commerce;6;82.97;58;Q-commerce w Warszawie super, w innych miastach dłuższy czas.;Tak
928;Gold;2023-04-22;online;16;133.83;55;Lubię markę PLON, ekonomicznie i jakościowo.;Nie
929;Gold;2024-10-02;online;19;192.29;60;W sezonie urlopowym sklep świeci pustkami — gdzie mleko?;Nie
930;Silver;2022-05-16;stacjonarny;7;84.07;54;;Nie
931;Silver;2024-04-18;online;6;86.64;-4;Świeże pieczywo tylko do 14:00, potem nic.;Nie
932;Gold;2024-07-04;stacjonarny;14;124.71;3;;Nie
933;Bronze;2022-09-01;q-commerce;3;40.15;-21;OOS na truskawkach w sezonie — trzeci raz pod rząd.;Nie
934;Bronze;2025-07-10;stacjonarny;4;37.62;-30;Świetna jakość mięsa, ale wieczorem często brakuje.;Nie
935;Bronze;2023-03-16;stacjonarny;3;59.77;87;Bardzo długie kolejki w piątek po 17:00.;Tak
936;Silver;2025-01-26;stacjonarny;10;98.95;84;Bardzo długie kolejki w piątek po 17:00.;Nie
937;Bronze;2023-06-01;stacjonarny;4;43.05;96;Q-commerce w Warszawie super, w innych miastach dłuższy czas.;Tak
938;Gold;2022-06-06;stacjonarny;28;111.74;10;;Nie
939;Gold;2022-11-17;stacjonarny;27;134.94;45;OOS na truskawkach w sezonie — trzeci raz pod rząd.;Nie
940;Bronze;2023-03-17;online;2;32.07;-10;Bardzo długie kolejki w piątek po 17:00.;Tak
941;Silver;2024-07-06;online;9;97.48;93;;Nie
942;Bronze;2024-12-24;stacjonarny;2;34.57;76;OOS na truskawkach w sezonie — trzeci raz pod rząd.;Tak
943;Bronze;2024-09-22;stacjonarny;3;71.52;12;W sezonie urlopowym sklep świeci pustkami — gdzie mleko?;Tak
944;Bronze;2024-06-25;q-commerce;3;56.07;10;Potrzeba więcej parkingu.;Nie
945;Bronze;2025-02-16;stacjonarny;3;27.63;-30;Aplikacja mobilna mało intuicyjna.;Nie
946;Silver;2024-06-12;q-commerce;4;116.58;11;Kierowca Q-com pomylił adres.;Nie
947;Bronze;2024-04-18;q-commerce;1;35.3;10;;Tak
948;Silver;2023-06-06;stacjonarny;6;72.09;-26;Lubię markę PLON, ekonomicznie i jakościowo.;Tak
949;Bronze;2025-09-06;stacjonarny;2;71.35;-30;;Nie
950;Bronze;2025-02-02;stacjonarny;1;49.74;10;Potrzeba więcej parkingu.;Tak
951;Silver;2025-05-23;online;4;122.55;13;Świetna jakość mięsa, ale wieczorem często brakuje.;Nie
952;Gold;2025-02-02;stacjonarny;12;125.29;100;Kierowca Q-com pomylił adres.;Nie
953;Bronze;2022-06-02;stacjonarny;1;53.61;30;Kierowca Q-com pomylił adres.;Nie
954;Bronze;2024-12-16;stacjonarny;2;77.4;0;OOS na truskawkach w sezonie — trzeci raz pod rząd.;Nie
955;Bronze;2024-10-02;online;3;57.31;-32;Świetna jakość mięsa, ale wieczorem często brakuje.;Nie
956;Silver;2022-07-10;stacjonarny;4;103.84;2;Plonka — kupony często nieadekwatne do moich zakupów.;Tak
957;Silver;2025-11-24;online;6;82.94;47;Świetna jakość mięsa, ale wieczorem często brakuje.;Nie
958;Gold;2023-01-19;stacjonarny;22;131.76;67;Sklep czysty i obsługa miła, brakuje samoobsługowych kas.;Nie
959;Silver;2023-02-22;stacjonarny;5;95.75;33;;Nie
960;Bronze;2023-11-19;stacjonarny;3;31.14;60;Kierowca Q-com pomylił adres.;Nie
961;Bronze;2022-10-15;stacjonarny;4;58.52;11;Świetna jakość mięsa, ale wieczorem często brakuje.;Nie
962;Bronze;2022-06-05;q-commerce;3;33.84;-30;Świeże pieczywo tylko do 14:00, potem nic.;Nie
963;Bronze;2022-02-05;stacjonarny;1;40.85;-16;W sezonie urlopowym sklep świeci pustkami — gdzie mleko?;Nie
964;Bronze;2024-11-26;stacjonarny;3;41.57;47;Brak wegańskich opcji w mięsie roślinnym.;Tak
965;Silver;2025-03-06;stacjonarny;7;118.26;-44;Często psuje się terminal BLIK.;Nie
966;Bronze;2023-04-15;online;1;44.65;40;Plonka — kupony często nieadekwatne do moich zakupów.;Nie
967;Bronze;2024-12-08;stacjonarny;1;47.59;-30;Bardzo długie kolejki w piątek po 17:00.;Tak
968;Gold;2023-06-01;stacjonarny;13;156.01;24;;Nie
969;Silver;2024-09-21;stacjonarny;7;47.91;-30;;Nie
970;Gold;2022-12-06;stacjonarny;14;139.9;-10;;Nie
971;Silver;2024-03-12;stacjonarny;5;87.66;60;Świetna jakość mięsa, ale wieczorem często brakuje.;Nie
972;Silver;2022-02-02;stacjonarny;5;84.04;-18;;Nie
973;Silver;2023-03-23;online;6;128.01;30;;Nie
974;Bronze;2023-07-24;online;0;23.47;-30;Plonka — kupony często nieadekwatne do moich zakupów.;Nie
975;Bronze;2022-03-14;stacjonarny;2;56.71;16;Kierowca Q-com pomylił adres.;Nie
976;Bronze;2022-02-08;stacjonarny;1;53.82;-10;Q-commerce w Warszawie super, w innych miastach dłuższy czas.;Nie
977;Gold;2023-09-21;online;22;143.9;50;Drożej niż w Lidlu, ale jakość fresh lepsza.;Nie
978;Bronze;2024-02-01;online;3;48.52;0;;Nie
979;Gold;2024-08-13;stacjonarny;26;146.24;2;;Nie
980;Silver;2022-03-13;stacjonarny;7;104.28;-78;Przeceny end-of-day super, ale rzadko widoczne.;Nie
981;Bronze;2024-09-06;online;3;64.53;75;OOS na truskawkach w sezonie — trzeci raz pod rząd.;Tak
982;Silver;2023-09-01;online;10;90.34;38;Promocje są dobre, ale potem braki na półce.;Nie
983;Silver;2024-08-20;stacjonarny;9;81.69;-23;Bardzo długie kolejki w piątek po 17:00.;Nie
984;Bronze;2025-03-22;stacjonarny;0;44.49;35;Promocje są dobre, ale potem braki na półce.;Tak
985;Silver;2023-05-07;q-commerce;10;81.38;59;Sklep czysty i obsługa miła, brakuje samoobsługowych kas.;Nie
986;Bronze;2022-07-15;stacjonarny;0;31.68;0;Brak wegańskich opcji w mięsie roślinnym.;Nie
987;Bronze;2023-02-10;stacjonarny;0;43.29;-10;Aplikacja mobilna mało intuicyjna.;Nie
988;Silver;2024-12-19;online;4;91.1;-12;Lubię markę PLON, ekonomicznie i jakościowo.;Tak
989;Silver;2023-05-14;q-commerce;5;123.47;77;;Nie
990;Silver;2023-01-03;online;6;120.43;74;Drożej niż w Lidlu, ale jakość fresh lepsza.;Nie
991;Silver;2023-09-02;stacjonarny;9;60.02;-32;;Nie
992;Bronze;2023-08-14;online;0;28.7;-46;Promocje są dobre, ale potem braki na półce.;Tak
993;Gold;2025-07-26;stacjonarny;22;152.21;54;Aplikacja mobilna mało intuicyjna.;Nie
994;Bronze;2023-10-27;stacjonarny;4;48.92;24;Q-commerce w Warszawie super, w innych miastach dłuższy czas.;Tak
995;Bronze;2024-08-12;stacjonarny;0;51.54;21;Drożej niż w Lidlu, ale jakość fresh lepsza.;Nie
996;Bronze;2024-02-06;stacjonarny;2;70.9;-30;Q-commerce w Warszawie super, w innych miastach dłuższy czas.;Nie
997;Silver;2023-08-15;online;5;115.45;48;Aplikacja mobilna mało intuicyjna.;Nie
998;Bronze;2025-03-14;online;4;45.3;10;Bardzo długie kolejki w piątek po 17:00.;Nie
999;Bronze;2023-08-11;stacjonarny;2;47.22;-30;;Nie
1000;Silver;2024-10-28;stacjonarny;8;81.9;18;Aplikacja mobilna mało intuicyjna.;Nie
